0,f,f,f,f,f,f,f,f,f,f,f,f,f,f,f,f,f,f,f,f,f,f,f,f,f,f,f,f,f,f,f,f,f,f,f,f,f,f,f,f,f,f,f,f,f,f,f,f,f,f,f,f,f,f,f,f,f,f,f,f,f,f,f,f,f,f,f,f,f,f,f,f,f,f,d,f,f,f,d,d,d,f,f,f,f,d,f,f,d,d,d,f,f,d,d,f,f,f,d,d,f,f,d,d,d,f,d,d,d,d,d,d,d,d,d,d,f,d,d,d,d,d,d,d,d,d,d,f,d,d,d,d,d,d,d,d,d,d,d,d,d,f,d,d,d,d,d,d,d,d,d,d,d,d,d,d,d,d,d,d,d,d,d,d,d,d,d,d,d,d,d,d,d,d,d,d,d,d,d,d,d,f,d,d,d,f,d,d,d,d,d,d,d,d,d,f,d,d,d,d,d,d,d,d,d,d,d,d,d,d,d,d,d,d,d,d,d,d,d,d,d,d,d,d,d,d,d,d,d,d,d,d,d,d,d,d,d,d,d,d,d,d,d,d,d,d,d,d,d,d,d,d,d,d,d,d,d,d,d,d,d,d,d,d,d,d,d,d,d,d,d,d,d,d,d,d,d,d,d,d,d,d,d,d,d,d,d,d,d,d,d,d,d,d,d,d,d,d,d,d,d,d,d,d,d,d,d,d,d,d,d,d,f,d,d,d,d,d,d,d,d,d,d,d,d,d,d,d,d,d,d,d,d,d,d,d,d,d,d,d,d,d,d,d,d,d,d,d,d,d,d,d,d,d,d,d,d,d,d,d,d,d,d,d,d,d,d,d,d,d,d,d,d,d,d,d,d,d,d,d,d,d,d,d,d,d,d,d,d,d,d,d,d,d,d,d,d,d,d,d,d,d,d,d,d,d,d,d,d,d,d,d,d,d,d,d,d,d,d,d,d,d,d,d,d,d,d,d,d,d,d,d,d,d,d,d,d,d,d,d,d,d,d,d,d,d,d,d,d,d,d,d,d,d,d,d,d,d,d,d,d,d,d,d,d,d,d,d,d,d,d,d,d,d,d,d,d,d,d,d,d,d,d,d,d,d,d,d,d,d,d,d,d,d,d,d,d,d,d,d,d,d,d,d,d,d,d,d,d,d,d,d,d,d,d,d,d,d,d,d,d,d,d,d,d,d,d,d,d,d,d,d,d,d,d,d,d,d,d,d,d,d,d,d,d,d,d,d,d,d,d,d,d,d,d,d,d,d,d,d,d,d,d,d,d,d,d,d,d,d,d,d,d,d,d,d,d,d,d,f,d,d,d,f,d,d,d,d,d,d,d,d,d,d,d,d,d,d,d,d,d,d,d,d,d,d,d,d,d,d,d,d,d,d,d,d,d,d,d,d,d,d,d,d,d,d,d,d,d,d,d,d,d,d,d,d,d,d,d,d,d,d,d,d,d,d,d,d,d,d,d,d,d,d,d,d,d,d,d,d,d,d,d,d,d,d,d,d,d,d,d,d,d,d,d,f,d,d,d,d,d,d,d,d,d,d,d,d,d,f,d,d,d,d,d,d,d,d,d,d,d,d,d,d,d,d,d,d,d,d,d,d,d,d,d,d,d,d,d,d,d,d,d,d,d,d,d,d,d,d,d,d,d,d,d,d,d,d,d,d,f,d,d,d,d,d,d,f,d,d,d,d,d,d,d,d,d,d,d,d,d,d,d,d,d,d,d,d,d,d,d,d,d,d,d,d,d,d,d,d,d,d,d,d,d,d,d,d,d,d,d,f,d,d,d,d,d,d,d,d,d,d,d,d,d,d,d,d,d,d,d,d,d,d,d,d,d,d,d,d,d,d,d,d,d,d,d,d,f,d,d,d,d,d,d,d,d,d,d,d,d,d,d,d,d,d,d,d,d,f,d,d,d,d,d,d,d,d,d,d,d,d,d,d,d,d,d,d,d,d,d,d,d,d,d,d,d,d,d,d,d,d,d,d,d,d,d,d,d,d,d,d,d,d,d,d,d,d,d,d,d,d,d,d,d,d,d,d,d,d,d,d,d,d,d,d,d,d,d,d,d,d,d,f,d,d,d,d,d,d,d,d,d,d,d,d,d,d,f,d,d,d,d,d,d,d,d,d,d,d,d,d,d,d,d,d,d,d,d,d,f,d,d,d,d,d,d,d,d,d,d,d,d,d,d,d,d,d,d,d,d,d,d,d,d,d,d,d,d,d,d,d,d,d,d,d,d,d,d,d
1,f,f,f,f,f,f,f,f,f,f,f,f,f,f,f,f,f,f,f,f,f,f,f,f,f,f,f,f,f,f,f,f,f,f,f,f,f,f,f,f,f,f,f,f,f,f,f,f,f,f,f,f,f,f,f,f,f,f,f,f,f,f,f,f,f,f,f,f,f,f,f,f,f,f,f,f,f,f,f,f,f,f,f,f,f,f,f,f,f,f,f,f,f,f,f,f,d,f,f,f,d,f,f,f,d,d,f,f,d,f,d,d,f,f,f,f,f,d,f,f,f,d,f,d,d,d,d,d,d,f,d,d,d,d,d,d,f,d,f,d,d,d,d,d,f,d,d,d,d,d,d,d,f,d,d,d,f,f,d,d,d,f,d,d,d,d,d,d,d,d,d,d,d,d,f,d,f,f,d,d,d,d,f,d,d,d,d,d,d,d,d,d,d,d,d,d,d,d,d,d,d,d,d,d,d,d,d,d,d,d,d,d,d,d,d,d,d,d,d,d,d,d,d,d,d,d,d,d,d,d,d,d,d,d,d,d,d,d,d,d,d,d,d,d,d,d,d,d,d,d,d,d,d,d,d,d,d,d,d,d,d,d,d,d,d,d,d,d,d,d,d,d,d,d,d,d,d,d,d,d,d,d,d,d,d,d,d,d,d,d,d,d,f,d,d,d,d,d,d,d,f,d,d,f,d,d,d,d,d,d,d,d,d,d,d,d,d,d,d,d,d,d,d,d,d,f,d,d,d,d,d,d,d,d,d,d,d,d,d,d,d,d,d,d,d,d,d,d,d,d,d,d,d,d,d,d,f,d,d,d,d,d,d,d,d,d,d,d,d,d,d,d,d,d,d,d,d,d,d,d,d,d,d,d,f,d,d,d,d,d,d,d,d,d,d,d,d,d,d,d,d,d,d,d,f,d,d,d,d,d,f,d,d,d,d,d,d,d,d,d,f,d,d,d,d,d,d,d,d,d,d,d,d,d,d,d,d,d,d,d,d,d,d,d,d,d,d,d,d,d,d,d,f,d,d,d,d,d,d,d,d,d,d,d,d,d,d,d,d,d,d,d,d,d,d,d,d,d,d,d,d,d,d,d,d,d,d,d,f,d,f,d,d,d,d,d,d,d,d,f,d,f,d,d,d,d,d,d,d,d,d,d,d,d,f,d,d,d,d,d,d,d,d,d,d,d,d,d,d,f,d,d,d,d,d,d,d,d,d,d,d,d,d,d,d,d,d,d,d,d,d,d,f,d,d,d,f,d,d,d,d,d,d,d,d,d,d,d,d,d,d,d,d,d,d,d,d,d,d,d,d,d,d,d,d,d,d,d,f,d,d,d,d,d,d,d,d,d,d,d,d,d,d,d,d,f,d,d,d,d,d,d,d,d,d,d,d,d,d,d,d,f,f,d,d,f,d,d,d,d,d,d,d,d,d,d,d,d,d,d,d,d,d,d,d,d,d,d,d,d,d,d,d,f,d,f,d,d,d,d,d,d,d,d,d,d,d,d,d,d,f,d,d,d,f,d,f,d,d,d,d,d,d,f,d,d,d,d,d,f,d,d,d,f,d,f,d,d,d,d,d,d,d,d,d,d,d,d,d,d,d,d,d,d,f,d,d,f,d,d,f,d,d,d,f,f,d,d,d,d,d,d,d,d,f,d,d,d,d,d,d,d,d,d,d,d,d,d,f,d,d,d,d,d,d,d,f,d,d,d,d,f,d,d,d,f,d,d,d,d,d,d,d,d,d,d,d,d,d,d,f,d,d,d,d,d,d,f,d,d,d,d,d,d,d,d,f,d,d,d,d,d,d,d,d,d,d,d,d,f,d,d,d,d,d,d,d,d,d,d,d,d,d,d,f,d,d,d,d,d,d,f,d,f,d,d,d,d,d,d,d,d,f,d,f,f,d,d,d,d,f,f,d,d,d,d,d,f,f,d,d,d,d,d,d,d,d,d,f,d,d,d,d,f,d,d,d,d,d,d,f,d,d,f,f,d,d,d,d,d,d,d,d,d,d,d,d,d,d,d,d,f,d,d,d,f,d,f,d,d,d,d,d,d,d,d,f,d,f,d,d,d,d,d,d,d,f,d,d,d,d,f,d,d,f,d,d,d,d,d,d,f,d,d,d,d,d,d,d,d,d,d,d,f,f,d,d,d,d,d,d,d,d,f,d,d,f,f,d,d,d,d,d,d,d,d,d,d,d,f,d,d,d,d,f,d,d,d,f,d,d,d,f,d,d,d,d,d,d,d
2,f,f,f,f,f,f,f,f,f,f,f,f,f,f,f,f,f,f,f,f,f,f,f,f,f,f,f,f,f,f,f,f,f,f,f,f,f,f,f,f,f,f,f,f,f,f,f,f,f,f,f,f,f,f,f,f,f,f,f,f,f,f,f,f,f,f,f,f,f,f,f,f,f,f,f,f,f,f,f,f,f,f,f,f,f,f,f,f,f,f,f,f,f,f,f,f,f,f,f,f,f,f,f,f,f,f,f,f,f,d,d,f,f,f,d,f,f,d,f,f,f,d,d,f,d,f,f,f,d,d,d,d,d,d,d,d,d,d,d,d,d,d,d,d,d,d,d,d,d,d,d,f,d,d,d,d,d,d,d,d,f,d,f,d,d,d,d,d,f,d,f,d,d,d,f,d,d,d,d,d,d,f,f,d,d,d,d,d,d,d,d,f,d,d,d,d,d,d,d,d,d,d,f,d,d,d,d,d,d,d,d,d,d,d,d,d,d,d,d,d,d,d,d,d,f,d,d,d,d,d,d,d,d,f,d,d,d,f,f,f,d,d,d,d,d,d,d,d,d,d,d,d,d,d,d,d,d,d,d,d,d,d,d,d,d,f,d,d,d,d,d,d,d,f,d,d,f,d,d,d,d,d,d,d,d,d,d,d,d,d,d,d,f,d,d,f,d,d,d,d,d,d,d,d,d,d,d,d,d,d,d,d,d,d,d,d,d,d,d,d,d,d,d,d,d,f,d,d,d,d,d,d,d,d,d,d,d,d,d,d,d,d,d,d,d,f,d,d,d,d,d,d,d,d,d,f,d,d,d,d,d,d,d,d,d,d,d,d,d,d,f,d,d,d,d,d,d,d,d,d,d,d,d,d,d,d,d,f,d,d,d,d,f,d,f,d,d,d,d,f,d,d,d,f,d,d,d,f,f,d,d,f,d,f,d,d,d,d,d,d,f,d,d,d,d,d,d,d,d,d,d,d,d,f,d,d,d,d,d,d,f,d,d,d,d,d,d,d,d,d,d,d,d,d,f,d,d,d,d,d,d,d,d,d,f,d,f,d,d,d,d,d,d,f,d,d,d,d,d,d,d,f,d,d,d,d,d,d,d,d,d,d,d,d,d,d,f,d,d,d,f,d,d,d,d,d,d,d,d,d,d,d,d,d,d,d,d,f,f,d,d,d,d,d,d,d,d,d,d,d,d,d,d,d,d,d,d,d,d,d,d,d,f,d,d,d,d,d,d,d,d,d,d,d,d,d,d,d,d,d,d,d,d,f,d,d,f,d,d,d,d,d,d,f,d,d,d,d,d,d,d,d,d,d,d,d,d,d,d,d,f,d,d,d,d,d,d,d,d,d,d,f,d,d,d,d,d,f,d,d,f,d,d,d,d,d,f,d,f,f,d,d,d,d,d,d,d,f,d,d,d,d,d,d,d,d,d,d,d,d,d,d,d,d,d,d,d,d,d,d,d,d,f,d,d,d,d,d,d,f,d,f,f,d,d,d,d,d,f,d,d,d,f,d,d,d,d,f,d,d,d,d,f,d,f,d,f,d,f,d,d,d,f,f,d,d,d,d,d,d,d,d,d,d,f,f,d,f,f,d,d,d,d,d,d,d,d,d,d,d,f,d,d,d,f,f,d,f,d,f,d,f,d,d,d,d,d,d,d,d,d,d,d,d,f,d,d,f,d,d,d,d,f,f,d,d,d,d,d,d,d,d,d,d,d,f,d,d,d,d,d,d,d,f,d,d,d,d,d,d,f,d,d,d,d,d,d,d,d,d,d,f,d,d,d,d,d,d,d,d,f,d,d,d,f,d,d,d,d,d,d,d,d,d,d,d,d,d,d,d,d,d,d,d,d,d,d,d,d,d,d,d,d,d,d,d,d,d,d,d,d,d,d,d,d,f,d,f,f,d,d,f,d,d,d,d,d,d,d,d,d,d,d,d,d,f,d,d,d,d,d,d,d,d,d,d,d,d,d,d,d,d,d,d,d,d,d,d,d,d,d,d,d,d,d,d,d,d,d,d,d,d,d,d,d,d,d,d,d,d,d,d,d,d,d,d,d,d,d,d,d,d,d,d,f,d,f,d,f,d,d,d,d,f,d,d,d,d,d,d,d,f,d,d,d,d,d,f,d,d,d,f,d,d,d,d,d,d,f,d,d,d,d,d,d,d,d,d,d,d,d,d,f,f,f,d,d,d,d,d,d,d,d,d,d,d,f,d,d,d,d,d,d,d,f,d,f,d,f,d
3,f,f,f,f,f,f,f,f,f,f,f,f,f,f,f,f,f,f,f,f,f,f,f,f,f,f,f,f,f,f,f,f,f,f,f,f,f,f,f,f,f,f,f,f,f,f,f,f,f,f,f,f,f,f,f,f,f,f,f,f,f,f,f,f,f,f,f,f,f,f,f,f,f,f,f,f,f,f,f,f,f,f,f,f,f,f,f,f,f,f,f,f,f,f,f,f,f,f,f,f,f,f,f,f,f,f,f,f,f,f,f,f,f,f,f,f,f,f,f,f,f,f,f,f,f,f,f,f,f,f,f,f,d,d,f,d,f,f,d,d,d,d,d,f,d,f,d,d,d,f,f,d,d,d,d,f,d,f,d,d,d,f,d,f,d,d,f,f,d,d,d,d,f,d,d,d,d,d,f,d,d,d,d,d,d,d,d,d,d,d,d,d,d,d,d,d,d,d,d,d,d,d,d,d,d,d,d,d,d,d,d,f,d,d,f,f,d,f,d,f,d,f,d,f,f,f,d,d,d,d,d,d,d,d,d,d,d,d,d,f,d,d,d,d,d,f,d,d,d,d,d,d,d,d,d,f,d,d,d,d,d,d,d,d,d,d,d,d,d,f,f,d,d,f,d,d,d,d,d,d,d,d,d,d,d,d,d,d,d,d,d,d,f,d,d,d,d,d,f,d,d,d,d,d,d,d,d,d,d,d,d,f,d,d,d,d,d,d,d,d,d,d,d,d,d,d,d,f,d,d,d,d,d,d,d,d,d,d,d,d,d,f,d,d,d,d,d,d,d,d,d,d,d,d,d,d,d,d,d,d,d,d,d,d,d,d,d,d,d,d,f,d,d,d,d,d,d,d,d,f,f,d,d,d,d,d,d,d,d,f,d,d,d,d,d,d,d,d,d,d,d,d,d,f,d,d,d,d,d,d,d,d,d,d,d,d,d,d,d,f,d,d,d,d,d,d,d,d,d,d,d,d,d,d,d,d,d,d,d,d,d,d,d,d,d,d,f,f,d,d,d,d,d,d,d,d,d,d,f,d,d,d,d,d,d,d,f,d,d,d,d,d,f,d,d,d,d,d,d,d,d,d,d,d,d,d,d,d,d,d,d,f,d,f,d,d,f,d,d,d,d,d,d,d,d,d,d,d,d,d,d,d,d,f,d,d,d,f,d,d,d,d,f,d,d,d,d,d,d,d,d,d,d,d,d,d,d,d,d,d,d,d,d,d,d,f,d,f,d,d,d,d,d,f,d,d,d,d,f,d,d,d,d,d,d,d,d,d,f,f,d,d,d,d,f,d,d,d,d,d,d,f,d,d,d,d,d,d,f,d,d,f,d,d,d,d,d,d,d,d,d,f,d,d,d,f,d,d,d,f,d,d,f,d,d,d,d,d,d,f,d,f,d,d,d,d,d,d,d,d,d,d,d,d,d,d,d,d,d,d,d,d,d,d,d,d,d,d,d,d,d,d,d,d,d,d,d,f,d,f,d,d,d,d,d,d,d,d,d,d,d,d,d,d,d,f,d,d,d,d,f,d,d,d,d,d,d,d,f,d,f,d,d,d,d,d,d,f,d,d,d,d,f,d,d,d,f,f,f,d,d,f,d,d,f,d,d,d,d,d,d,d,d,d,d,d,d,d,d,d,d,d,f,d,d,d,d,d,d,d,d,d,f,d,d,d,d,f,d,d,d,d,d,f,d,d,d,d,d,d,d,d,d,d,f,f,d,d,d,d,d,d,d,d,d,d,f,d,d,d,d,d,d,d,d,d,d,d,d,d,d,d,d,d,d,f,d,d,d,d,d,d,d,d,d,f,d,d,d,d,d,d,d,d,d,d,d,d,d,d,d,d,d,d,d,d,d,d,d,d,d,d,d,d,d,d,d,d,d,d,d,d,d,d,d,d,d,d,d,f,d,d,d,d,d,d,d,d,d,d,f,f,d,d,d,d,d,d,d,d,d,d,d,d,d,d,d,d,d,d,d,d,d,d,f,d,d,d,d,d,d,d,d,d,d,f,d,f,f,f,d,d,f,f,d,f,f,d,d,f,d,d,d,f,f,d,d,d,d,d,d,d,d,d,f,f,d,d,d,d,d,d,d,f,d,d,d,d,d,d,d,d,d,d,f,d,d,f,d,f,d,d,d,d,d,f,d,f,d,d,d,f,d,f,d,d,d,d,d,d,d,d,d,d,f,d,f,d,f,d,f,d,d,d,f,f,f,f,d,d,d,d,d,d,d,d,d,d,d,d
4,f,f,f,f,f,f,f,f,f,f,f,f,f,f,f,f,f,f,f,f,f,f,f,f,f,f,f,f,f,f,f,f,f,f,f,f,f,f,f,f,f,f,f,f,f,f,f,f,f,f,f,f,f,f,f,f,f,f,f,f,f,f,f,f,f,f,f,f,f,f,f,f,f,f,f,f,f,f,f,f,f,f,f,f,f,f,f,f,f,f,f,f,f,f,f,f,f,f,f,f,f,f,f,f,f,f,f,f,f,f,f,f,f,f,f,f,f,f,f,f,f,f,f,f,f,f,f,f,f,f,f,f,f,f,f,f,f,f,f,f,f,f,f,f,f,f,f,f,d,d,f,f,f,f,f,f,f,d,f,f,f,f,f,f,f,f,f,d,f,f,f,f,f,d,f,f,f,d,d,d,f,d,f,d,f,d,d,d,f,f,d,d,f,f,f,d,f,d,f,d,d,f,f,d,f,f,f,d,d,f,d,f,f,f,f,f,f,d,f,f,f,f,f,d,f,d,f,f,f,f,f,f,f,f,d,f,f,f,f,f,f,f,d,f,d,d,f,d,d,f,d,f,d,f,d,d,d,f,f,d,d,d,f,f,d,d,d,d,d,d,d,f,d,d,f,d,f,d,f,d,d,f,f,d,d,d,d,d,d,f,d,d,d,d,d,f,d,d,f,d,d,d,f,d,f,d,f,d,d,f,d,d,d,d,d,d,d,d,f,f,f,f,f,d,d,d,f,d,f,d,d,f,f,d,d,f,d,d,d,d,d,d,d,f,f,d,d,f,d,d,d,d,d,d,d,f,d,d,d,d,d,d,d,d,d,d,d,d,d,f,d,d,d,d,d,d,d,d,f,d,d,d,f,d,f,d,f,f,d,d,f,d,d,d,d,d,f,d,d,f,d,d,d,d,d,d,d,d,d,d,d,d,d,d,d,d,d,d,d,d,f,d,d,d,d,f,d,d,d,d,d,f,d,d,f,d,d,d,d,d,d,d,d,d,d,d,d,f,d,d,d,f,d,d,f,d,f,d,f,d,d,d,d,d,d,d,d,d,d,f,d,d,f,d,d,d,d,d,d,d,d,d,d,d,d,d,d,d,d,d,d,d,d,d,d,d,d,d,f,d,d,d,d,d,d,d,d,d,f,d,d,d,f,d,d,d,d,d,d,d,d,f,d,d,f,f,d,d,f,d,d,d,d,d,d,d,f,d,d,f,d,d,d,d,d,d,f,d,d,f,d,d,f,d,d,d,d,d,d,d,d,d,d,d,d,f,f,f,f,f,d,d,d,d,f,d,d,d,d,d,d,f,d,d,f,d,d,f,d,d,f,f,d,d,d,d,d,d,d,f,f,d,f,f,f,d,f,f,d,d,f,f,d,f,d,d,d,d,d,d,d,f,d,d,d,f,d,d,d,d,f,d,d,d,d,d,d,d,d,d,d,f,d,d,d,d,f,d,d,d,d,d,d,f,f,f,f,d,d,d,f,f,d,d,d,d,d,d,d,d,d,d,f,d,d,d,d,f,d,d,d,d,f,f,d,d,d,d,d,f,d,d,f,d,f,d,f,d,d,d,f,f,f,d,d,d,d,f,f,f,f,f,f,d,d,d,f,d,d,d,f,f,f,d,f,d,f,f,d,d,d,d,d,d,d,d,d,d,d,f,f,f,f,f,f,d,f,d,d,d,d,d,d,d,d,d,d,d,d,d,d,d,d,d,f,f,f,d,d,f,d,d,d,f,d,d,d,d,d,d,d,d,d,d,d,d,d,d,d,d,d,d,f,d,f,f,d,d,d,d,d,d,d,d,f,f,d,d,d,d,d,d,f,d,d,d,d,d,d,d,d,f,d,d,d,d,d,d,d,f,f,d,d,d,d,d,f,d,d,d,d,d,d,d,d,d,d,d,d,d,d,d,d,d,d,d,d,d,f,d,f,d,d,d,d,d,d,d,d,d,f,f,d,d,d,f,d,d,d,d,d,d,d,d,d,f,d,d,d,d,f,f,d,d,d,f,d,d,d,d,d,f,d,f,f,d,d,d,f,d,d,d,d,f,d,d,f,f,f,d,d,d,d,f,f,d,d,f,d,d,d,d,d,d,f,d,d,f,d,d,d,d,d,d,f,d,f,f,d,d,f,f,d,f,d,f,d,d,d,d,d,d,d,d,d,d,d,d,d,f,d,d,d,d,f,f,d,d,d,d,d,d,d,f,d,d,d,d,d,d,d,d,d,d,d,d,d,d,d,d
5,f,f,f,f,f,f,f,f,f,f,f,f,f,f,f,f,f,f,f,f,f,f,f,f,f,f,f,f,f,f,f,f,f,f,f,f,f,f,f,f,f,f,f,f,f,f,f,f,f,f,f,f,f,f,f,f,f,f,f,f,f,f,f,f,f,f,f,f,f,f,f,f,f,f,f,f,f,f,f,f,f,f,f,f,f,f,f,f,f,f,f,f,f,f,f,f,f,f,f,f,f,f,f,f,f,f,f,f,f,f,f,f,f,f,f,f,f,f,f,f,f,f,f,f,f,f,f,f,f,f,f,f,f,f,f,f,f,f,f,f,f,f,f,f,f,f,f,f,f,f,f,f,f,f,f,f,f,f,f,f,f,f,f,f,f,f,f,f,f,f,f,f,f,f,f,f,d,f,f,f,f,f,f,f,f,f,f,f,f,f,f,f,f,f,f,f,f,d,d,f,f,f,d,f,f,d,f,f,f,f,d,f,f,f,d,f,f,f,d,f,f,d,f,f,f,d,f,f,f,d,f,f,f,f,f,f,f,f,d,d,d,f,f,d,d,f,f,f,d,d,f,f,f,f,f,f,f,f,f,f,f,f,f,f,f,f,d,f,d,d,d,d,d,d,d,f,d,d,f,f,d,d,f,f,f,d,f,f,f,f,d,f,d,d,f,d,d,d,d,d,d,d,d,f,d,d,f,d,d,d,d,d,d,f,f,d,d,f,f,d,d,d,f,d,d,d,f,f,d,d,d,d,f,d,d,f,f,d,d,d,d,f,d,d,d,d,d,d,f,f,d,f,d,f,d,f,d,f,d,d,d,d,f,d,d,d,d,d,d,d,d,f,d,d,d,f,f,d,f,d,d,f,f,d,d,d,d,f,d,d,f,d,d,f,d,d,d,d,d,d,d,d,f,f,f,d,d,d,d,f,d,d,d,d,d,d,d,d,d,d,d,d,d,d,f,d,d,d,d,d,d,f,d,d,d,d,f,d,d,f,d,d,d,d,d,d,d,d,d,d,d,d,d,f,d,d,d,d,d,d,d,d,d,d,d,d,d,d,d,d,d,d,d,f,d,d,d,f,d,d,d,d,d,d,d,d,d,d,d,d,d,f,d,d,d,d,d,f,d,d,f,d,d,d,d,f,d,d,d,d,d,d,f,d,d,f,f,d,d,f,d,d,d,f,f,f,f,d,d,f,f,d,f,f,f,f,f,f,d,f,f,d,d,d,d,d,d,d,d,f,d,d,d,d,d,d,d,d,d,f,d,d,f,d,d,d,f,d,f,d,d,f,d,d,d,d,d,d,d,d,d,d,d,d,d,d,d,d,d,f,d,d,d,d,d,d,d,d,d,d,d,d,d,d,d,d,d,f,d,d,d,d,d,d,f,f,f,f,f,f,d,d,d,d,d,d,f,d,d,d,f,f,d,d,d,d,f,f,d,d,d,d,d,d,d,d,f,d,d,d,f,d,d,d,d,d,d,f,d,d,d,d,d,d,d,d,d,f,d,d,d,d,d,d,d,f,f,d,d,d,d,d,d,d,f,f,d,d,d,f,d,d,d,d,d,f,d,d,d,d,f,d,d,d,d,d,d,d,d,d,d,d,d,d,d,d,d,d,d,d,d,d,d,d,f,d,d,f,d,d,d,d,f,d,d,d,f,d,d,d,d,d,d,f,f,d,d,d,f,d,d,d,f,d,d,d,d,d,f,d,d,d,d,f,f,d,f,f,d,f,d,d,d,d,f,f,f,d,f,d,f,f,d,f,d,d,d,d,d,d,d,d,d,d,d,d,f,d,d,d,d,f,d,d,d,d,d,f,d,d,d,f,d,d,d,f,d,d,d,d,d,d,d,f,f,f,d,d,d,f,d,d,d,d,d,d,d,d,d,d,d,f,d,d,d,d,d,d,d,d,d,d,d,d,d,d,f,f,d,d,d,d,d,d,d,d,d,d,d,d,d,d,d,d,d,d,d,f,d,d,d,d,d,d,d,d,d,d,f,d,d,d,d,d,d,d,d,f,d,d,d,d,d,d,d,d,f,d,d,d,d,d,d,d,d,d,d,d,d,f,f,f,d,d,d,f,f,d,f,d,d,f,f,d,d,d,d,d,d,d,f,d,d,d,d,d,d,d,f,d,d,d,d,f,f,d,d,d,d,d,f,d,f,f,f,d,d,d,d,d,d,f,d,d,d,d,d,d,d,d,d,d,d,d,d,d,d,d,f,d,f,d,d,d,f,d,d,d,d,d
6,f,f,f,f,f,f,f,f,f,f,f,f,f,f,f,f,f,f,f,f,f,f,f,f,f,f,f,f,f,f,f,f,f,f,f,f,f,f,f,f,f,f,f,f,f,f,f,f,f,f,f,f,f,f,f,f,f,f,f,f,f,f,f,f,f,f,f,f,f,f,f,f,f,f,f,f,f,f,f,f,f,f,f,f,f,f,f,f,f,f,f,f,f,f,f,f,f,f,f,f,f,f,f,f,f,f,f,f,f,f,f,f,f,f,f,f,f,f,f,f,f,f,f,f,f,f,f,f,f,f,f,f,f,f,f,f,f,f,f,f,f,f,f,f,f,f,f,f,f,f,f,f,f,f,f,f,f,f,f,f,f,f,f,f,f,f,f,f,f,f,f,f,f,f,f,f,f,f,f,f,f,f,f,f,f,f,f,f,f,f,f,f,f,f,f,f,f,f,f,f,f,f,f,f,f,f,f,f,f,f,f,f,f,f,f,f,f,f,f,f,f,f,f,f,f,f,f,f,f,f,f,f,f,f,f,f,f,f,f,f,f,f,f,f,f,f,f,f,f,f,f,f,f,f,f,f,f,f,f,f,f,f,f,f,f,f,f,f,f,f,f,f,f,f,f,f,f,f,f,f,f,f,f,f,f,f,f,f,f,f,f,f,f,f,f,f,f,f,f,f,f,f,f,f,f,f,f,f,f,f,f,f,f,f,f,f,f,f,f,f,f,f,f,f,f,f,f,f,f,f,f,f,f,f,f,f,f,f,f,f,f,f,f,f,f,f,f,f,f,f,f,f,f,f,f,f,f,f,f,f,f,f,f,f,f,f,f,f,f,f,f,f,f,f,f,f,f,f,f,d,f,f,f,f,f,f,f,f,f,f,d,f,f,f,f,f,f,f,f,f,f,f,f,f,f,f,f,f,f,f,f,f,f,f,f,f,f,f,f,f,f,f,f,f,d,f,d,f,f,f,f,f,f,d,f,f,f,f,f,f,f,f,d,f,f,d,f,f,f,f,f,d,f,d,f,f,f,f,d,d,f,f,f,f,d,f,f,f,f,f,f,d,f,f,f,f,f,f,f,d,f,f,f,d,f,f,d,f,f,f,d,f,f,f,f,f,f,f,f,d,f,d,f,d,d,f,f,f,f,f,f,d,f,d,f,d,d,f,d,d,f,d,d,d,f,d,d,f,f,f,d,f,f,d,d,d,d,d,f,d,f,d,f,f,f,d,f,f,d,d,d,f,f,f,f,d,d,d,d,f,d,f,f,f,f,d,d,f,f,d,d,d,d,d,f,d,f,d,d,d,f,d,d,d,d,d,d,d,d,d,d,d,d,f,d,f,f,f,f,d,d,f,d,d,d,f,f,d,d,d,f,d,d,d,d,f,f,d,d,f,d,d,d,d,d,d,f,f,f,f,f,d,d,d,d,d,f,d,d,f,d,d,d,f,d,d,d,d,d,d,d,d,d,d,d,d,d,d,f,d,f,d,d,f,f,d,d,d,d,d,d,f,f,d,f,d,d,d,d,d,d,f,d,d,f,d,d,d,d,d,d,f,d,d,d,d,d,d,d,d,d,d,d,f,f,d,d,d,d,f,d,d,d,d,f,d,d,d,d,d,d,d,f,d,f,f,d,f,f,d,d,f,d,f,d,d,d,f,f,d,f,d,d,d,d,d,d,f,d,d,d,d,f,f,d,d,d,d,d,d,d,d,f,d,d,d,f,d,d,d,d,d,d,d,d,d,d,d,d,d,f,f,d,d,d,f,d,d,d,d,d,d,f,d,d,d,d,f,f,d,d,d,d,d,d,d,d,d,d,d,f,d,d,f,f,d,d,f,f,d,f,d,f,d,f,f,f,d,d,f,d,d,d,d,f,d,f,d,d,d,d,d,d,d,d,d,d,f,d,f,d,d,d,d,d,f,f,d,d,d,d,d,d,d,d,f,d,d,d,d,d,d,d,d,d,f,f,f,d,d,d,d,d,d,d,d,d,d,f,d,d,d,d,d,d,d,f,d,d,d,d,d,d,f,f,d,d,d,d,f,f,f,d,d,d,f,d,d,d,d,d,f,d,d,d,d,d,d,f,d,d,d,f,d,d,d,d,d,d,d,d,d,d,d,d,d,f,d,d,d,d,d,d,d,d,d,f,f,d,d,d,d,d,d,d,f,d,d,d,d,d,d,d,f,d,d,d,d,f,d,d,f,d,d,d,d,d,d,d,d,d,d,f,d,d,f,d,d,d,d
7,f,f,f,f,f,f,f,f,f,f,f,f,f,f,f,f,f,f,f,f,f,f,f,f,f,f,f,f,f,f,f,f,f,f,f,f,f,f,f,f,f,f,f,f,f,f,f,f,f,f,f,f,f,f,f,f,f,f,f,f,f,f,f,f,f,f,f,f,f,f,f,f,f,f,f,f,f,f,f,f,f,f,f,f,f,f,f,f,f,f,f,f,f,f,f,f,f,f,f,f,f,f,f,f,f,f,f,f,f,f,f,f,f,f,f,f,f,f,f,f,f,f,f,f,f,f,f,f,f,f,f,f,f,f,f,f,f,f,f,f,f,f,f,f,f,f,f,f,f,f,f,f,f,f,f,f,f,f,f,f,f,f,f,f,f,f,f,f,f,f,f,f,f,f,f,f,f,f,f,f,f,f,f,f,f,f,f,f,f,f,f,f,f,f,f,f,f,f,f,f,f,f,f,f,f,f,f,f,f,f,f,f,f,f,f,f,f,f,f,f,f,f,f,f,f,f,f,f,f,f,f,f,f,f,f,f,f,f,f,f,f,f,f,f,f,f,f,f,f,f,f,f,f,f,f,f,f,f,f,f,f,f,f,f,f,f,f,f,f,f,f,f,f,f,f,f,f,f,f,f,f,f,f,f,f,f,f,f,f,f,f,f,f,f,f,f,f,f,f,f,f,f,f,f,f,f,f,f,f,f,f,f,f,f,f,f,f,f,f,f,f,f,f,f,f,f,f,f,f,f,f,f,d,f,f,f,f,f,f,f,f,f,d,f,f,f,f,f,f,f,f,f,f,f,f,d,f,f,f,f,f,f,f,f,f,f,f,f,f,f,f,f,f,f,f,f,f,f,f,f,f,f,f,f,f,f,f,f,f,f,d,f,f,f,f,f,f,f,f,f,f,f,f,f,f,d,f,f,f,f,f,f,f,f,f,f,f,f,f,f,f,f,d,f,f,f,f,f,f,f,f,f,f,f,f,f,f,f,f,f,f,f,d,f,f,f,f,f,f,f,f,f,f,f,f,f,d,f,f,f,f,f,f,f,f,f,f,f,f,f,f,f,f,f,f,f,f,f,f,f,f,f,f,f,f,f,f,f,f,f,f,f,f,f,f,f,d,f,f,f,f,f,f,f,f,f,f,f,f,f,f,f,f,f,f,d,f,f,f,f,f,f,f,f,f,f,f,f,f,f,f,f,f,f,f,f,f,f,f,f,f,f,f,f,f,f,f,f,d,f,f,f,f,f,f,f,f,f,f,f,f,f,f,d,f,f,f,f,f,f,d,f,f,f,f,f,f,d,f,f,d,f,f,d,f,f,f,f,f,f,d,d,f,d,d,d,f,f,f,f,f,f,f,f,f,f,f,f,f,d,f,d,d,f,f,f,f,f,d,d,f,f,d,f,f,f,f,f,d,f,f,f,d,f,f,f,d,d,d,f,f,f,f,d,f,f,f,f,f,d,f,f,f,f,f,f,f,f,f,f,f,d,f,f,d,f,f,f,f,f,d,f,f,f,f,f,f,f,d,f,f,f,d,f,f,d,f,f,d,f,f,f,d,f,f,d,f,f,f,f,f,f,f,f,f,f,f,d,f,f,d,f,d,d,d,f,f,f,f,d,d,d,f,f,f,f,d,f,d,d,d,f,d,f,f,f,f,f,d,f,d,d,d,d,f,d,f,f,d,d,f,f,f,f,d,d,f,d,f,d,f,d,f,f,d,d,f,f,f,d,d,d,f,d,f,d,d,d,f,f,f,d,f,f,d,d,f,d,d,d,d,d,f,d,f,f,d,d,d,d,d,d,d,d,d,d,d,d,d,f,d,f,f,d,d,f,d,d,d,f,d,f,d,d,d,d,f,f,d,f,d,f,f,d,d,d,d,d,f,d,f,f,f,d,f,d,d,d,d,d,f,d,d,d,f,d,d,d,d,f,d,f,d,f,f,d,d,d,f,d,f,f,f,d,d,d,d,d,f,d,d,f,d,d,f,d,d,d,d,f,d,d,f,f,d,f,d,f,d,d,d,f,f,d,d,f,d,d,d,d,d,d,d,d,d,d,d,d,f,d,d,f,d,d,d,d,f,d,d,f,f,d,d,d,d,d,d,f,f,d,d,d,d,d,d,d,f,f,d,f,d,f,f,d,d,d,d,d,d,d,d,d,d,d,d,d,d,d,d,d,d,d,d,d,d,d,d,d,d,f,d,d,f,d,d,f,d,d,f,f,f,d,f,d,f,d,d,d,d,d
8,f,f,f,f,f,f,f,f,f,f,f,f,f,f,f,f,f,f,f,f,f,f,f,f,f,f,f,f,f,f,f,f,f,f,f,f,f,f,f,f,f,f,f,f,f,f,f,f,f,f,f,f,f,f,f,f,f,f,f,f,f,f,f,f,f,f,f,f,f,f,f,f,f,f,f,f,f,f,f,f,f,f,f,f,f,f,f,f,f,f,f,f,f,f,f,f,f,f,f,f,f,f,f,f,f,f,f,f,f,f,f,f,f,f,f,f,f,f,f,f,f,f,f,f,f,f,f,f,f,f,f,f,f,f,f,f,f,f,f,f,f,f,f,f,f,f,f,f,f,f,f,f,f,f,f,f,f,f,f,f,f,f,f,f,f,f,f,f,f,f,f,f,f,f,f,f,f,f,f,f,f,f,f,f,f,f,f,f,f,f,f,f,f,f,f,f,f,f,f,f,f,f,f,f,f,f,f,f,f,f,f,f,f,f,f,f,f,f,f,f,f,f,f,f,f,f,f,f,f,f,f,f,f,f,f,f,f,f,f,f,f,f,f,f,f,f,f,f,f,f,f,f,f,f,f,f,f,f,f,f,f,f,f,f,f,f,f,f,f,f,f,f,f,f,f,f,f,f,f,f,f,f,f,f,f,f,f,f,f,f,f,f,f,f,f,f,f,f,f,f,f,f,f,f,f,f,f,f,f,f,f,f,f,f,f,f,f,f,f,f,f,f,f,f,f,f,f,f,f,f,f,f,f,f,f,f,f,f,f,f,f,f,f,f,f,f,f,f,f,f,f,f,f,f,f,f,f,f,f,f,f,f,f,f,f,f,f,f,f,f,f,f,f,f,f,f,f,f,f,f,f,f,f,f,f,f,f,f,f,f,f,f,f,f,f,f,f,f,f,f,f,f,f,f,f,f,f,f,f,f,f,f,f,f,f,f,f,f,f,f,f,f,f,f,f,f,f,f,f,f,f,f,f,f,f,f,f,f,f,f,f,f,f,f,f,f,f,f,f,f,f,f,f,f,f,f,f,f,f,f,f,f,f,f,f,f,f,f,f,f,f,f,f,f,f,f,f,f,f,f,f,f,f,f,f,d,f,f,f,f,f,f,f,f,f,f,f,f,f,f,f,f,f,f,f,f,f,f,f,f,f,f,f,f,f,f,f,f,d,f,f,f,f,f,f,f,f,f,f,f,f,f,f,f,f,f,f,f,f,f,f,f,f,f,f,f,f,f,f,f,f,f,f,d,f,f,f,f,f,f,f,f,f,f,f,f,f,f,f,f,f,f,f,f,f,d,f,f,f,f,f,f,d,f,f,d,f,f,f,f,f,f,f,f,f,f,f,f,f,f,f,f,f,f,f,f,f,f,f,d,f,f,d,f,f,f,f,f,f,f,f,f,f,f,f,f,f,f,f,f,f,f,f,f,f,d,d,f,f,d,f,f,f,f,d,f,f,f,f,f,f,f,f,f,d,f,f,f,f,f,f,f,f,f,f,f,d,f,f,d,f,f,d,f,d,f,d,d,f,f,d,f,f,f,f,f,f,f,d,d,d,f,f,f,f,f,f,f,d,f,f,f,f,f,f,f,f,f,f,f,f,f,f,f,f,d,d,d,f,f,f,d,f,f,f,f,f,d,f,f,f,d,d,f,d,f,d,f,f,f,f,d,f,f,f,f,f,f,d,f,f,d,f,d,d,d,f,f,f,f,d,f,d,f,d,f,f,f,f,f,d,f,f,d,f,f,f,f,f,f,f,f,f,f,d,f,f,f,d,f,f,f,d,f,f,f,d,f,f,d,f,d,f,d,f,f,f,f,d,d,d,f,f,d,d,f,f,f,f,f,d,f,f,f,d,d,d,f,f,f,d,d,d,d,f,f,f,d,d,f,f,f,f,d,f,f,d,d,d,f,f,f,f,f,d,d,f,f,d,d,f,f,d,f,f,d,f,f,f,f,f,d,d,d,f,f,d,f,f,f,d,f,d,f,d,d,d,d,d,f,f,f,d,f,d,f,d,f,f,d,f,d,d,d,f,d,d,f,f,d,d,d,d,d,d,f,d,d,d,f,f,d,d,d,f,f,f,f,d,d,f,d,f,f,f,f,d,f,f,f,f,f,d,d,d,f,f,f,f,f,d,d,d,f,d,d,f,f,f,f,d,f,f,d,d,d,f,d,d,f,d,f,d,d,d,f,f,f,d,d,d,d,d,d,d,f,d,f,f,f,f,d,d,d,f,f,f,f,d,d
9,f,f,f,f,f,f,f,f,f,f,f,f,f,f,f,f,f,f,f,f,f,f,f,f,f,f,f,f,f,f,f,f,f,f,f,f,f,f,f,f,f,f,f,f,f,f,f,f,f,f,f,f,f,f,f,f,f,f,f,f,f,f,f,f,f,f,f,f,f,f,f,f,f,f,f,f,f,f,f,f,f,f,f,f,f,f,f,f,f,f,f,f,f,f,f,f,f,f,f,f,f,f,f,f,f,f,f,f,f,f,f,f,f,f,f,f,f,f,f,f,f,f,f,f,f,f,f,f,f,f,f,f,f,f,f,f,f,f,f,f,f,f,f,f,f,f,f,f,f,f,f,f,f,f,f,f,f,f,f,f,f,f,f,f,f,f,f,f,f,f,f,f,f,f,f,f,f,f,f,f,f,f,f,f,f,f,f,f,f,f,f,f,f,f,f,f,f,f,f,f,f,f,f,f,f,f,f,f,f,f,f,f,f,f,f,f,f,f,f,f,f,f,f,f,f,f,f,f,f,f,f,f,f,f,f,f,f,f,f,f,f,f,f,f,f,f,f,f,f,f,f,f,f,f,f,f,f,f,f,f,f,f,f,f,f,f,f,f,f,f,f,f,f,f,f,f,f,f,f,f,f,f,f,f,f,f,f,f,f,f,f,f,f,f,f,f,f,f,f,f,f,f,f,f,f,f,f,f,f,f,f,f,f,f,f,f,f,f,f,f,f,f,f,f,f,f,f,f,f,f,f,f,f,f,f,f,f,f,f,f,f,f,f,f,f,f,f,f,f,f,f,f,f,f,f,f,f,f,f,f,f,f,f,f,f,f,f,f,f,f,f,f,f,f,f,f,f,f,f,f,f,f,f,f,f,f,f,f,f,f,f,f,f,f,f,f,f,f,f,f,f,f,f,f,f,f,f,f,f,f,f,f,f,f,f,f,f,f,f,f,f,f,f,f,f,f,f,f,f,f,f,f,f,f,f,f,f,f,f,f,f,f,f,f,f,f,f,f,f,f,f,f,f,f,f,f,f,f,f,f,f,f,f,f,f,f,f,f,f,f,f,f,f,f,f,f,f,f,f,f,f,f,f,f,f,f,f,f,f,f,f,f,f,f,f,f,f,f,f,f,f,f,f,f,f,f,f,f,f,f,f,f,f,f,f,f,f,f,f,f,f,f,f,f,f,f,f,f,f,f,f,f,f,f,f,f,f,f,f,f,f,f,f,f,f,f,f,f,f,f,f,f,f,f,f,f,f,f,f,f,f,f,f,f,f,f,f,f,f,f,f,f,f,f,f,f,f,f,f,f,f,f,f,f,f,f,f,f,d,f,f,f,f,f,f,f,f,f,f,f,f,f,f,f,f,f,f,f,f,f,f,f,d,f,f,f,f,f,f,f,f,f,f,f,f,f,f,f,f,f,f,f,f,f,f,f,f,f,f,f,f,f,f,f,f,f,d,f,f,f,f,f,f,f,f,f,f,f,f,f,f,f,f,f,f,f,f,f,f,d,f,f,f,f,f,f,f,f,f,f,f,f,f,f,f,f,f,f,f,f,d,f,f,f,f,f,f,f,f,f,f,f,f,f,d,f,f,f,d,f,f,f,f,f,f,f,f,f,f,f,d,f,f,f,f,f,f,f,d,f,f,f,f,f,f,f,f,f,f,f,f,f,f,f,f,f,f,f,f,f,f,f,f,f,f,f,f,f,f,f,f,f,f,f,f,f,f,f,f,f,f,f,f,f,f,f,f,f,f,f,f,f,f,f,f,f,f,f,f,f,f,f,f,f,f,f,f,f,f,f,f,f,f,f,f,f,f,f,f,f,f,f,f,f,f,f,f,f,f,f,f,f,f,f,f,f,f,f,f,f,f,f,f,f,f,f,f,f,f,f,f,f,f,f,f,d,f,f,f,f,f,f,d,f,f,f,f,f,f,f,f,f,f,f,f,f,f,f,f,f,f,f,f,f,d,f,f,f,f,f,d,f,f,f,f,f,f,f,f,f,f,f,f,f,f,d,f,f,f,d,f,f,f,f,d,f,f,f,f,d,d,f,f,d,f,f,f,d,f,f,f,f,f,f,f,f,f,f,f,f,f,f,d,d,d,f,d,d,f,f,f,f,d,f,f,f,f,f,f,f,f,f,f,f,f,f,f,f,d,f,f,f,f,f,f,d,f,f,f,d,f,f,f,f,f,f,f,f,f,f,f,f,d,f,f,f,d,f,f,f,f,d,f,f,f,f,f,f,f,f
13,f,f,f,f,f,f,f,f,f,f,f,f,f,f,f,f,f,f,f,f,f,f,f,f,f,f,f,f,f,f,f,f,f,f,f,f,f,f,f,f,f,f,f,f,f,f,f,f,f,f,f,f,f,f,f,f,f,f,f,f,f,f,f,f,f,f,f,f,f,f,f,f,f,f,f,f,f,f,f,f,f,f,f,f,f,f,f,f,f,f,f,f,f,f,f,f,f,f,f,f,f,f,f,f,f,f,f,f,f,f,f,f,f,f,f,f,f,f,f,f,f,f,f,f,f,f,f,f,f,f,f,f,f,f,f,f,f,f,f,f,f,f,f,f,f,f,f,f,f,f,f,f,f,f,f,f,f,f,f,f,f,f,f,f,f,f,f,f,f,f,f,f,f,f,f,f,f,f,f,f,f,f,f,f,f,f,f,f,f,f,f,f,f,f,f,f,f,f,f,f,
13,f,f,f,f,f,f,f,f,f,f,
13,f,f,f,f,f,f,f,f,f,f,
13,f,f,f,f,f,f,f,f,f,f,f,f,f,f,f,f,f,f,f,f,f,f,f,f,f,f,f,f,f,f,f,f,f,f,f,f,f,f,f,f,f,f,f,f,f,f,f,f,f,f,f,f,f,f,f,f,f,f,f,f,f,f,f,f,f,f,f,f,f,f,f,f,f,f,f,f,f,f,f,f,f,f,f,f,f,f,f,f,f,f,f,f,f,f,f,f,f,f,f,f,f,f,f,f,f,f,f,f,f,f,f,f,f,f,f,f,f,f,f,f,f,f,f,f,f,f,f,f,f,f,f,f,f,f,f,f,f,f,f,f,f,f,f,f,f,f,f,f,f,f,f,f,f,f,f,f,f,f,f,f,f,f,f,f,f,f,f,f,f,f,f,f,f,f,f,f,f,f,f,f,f,f,f,f,f,f,f,f,f,f,f,f,f,f,f,f,f,f,f,f,f,f,f,f,f,f,f,f,f,f,f,f,f,f,f,f,f,f,f,f,f,f,f,f,f,f,f,f,f,f,f,f,f,f,f,f,f,f,f,f,f,f,f,f,f,f,f,f,f,f,f,f,f,f,f,f,f,f,f,f,f,f,f,f,f,f,f,f,f,f,f,f,f,f,f,f,f,f,f,f,f,f,f,f,f,f,f,f,f,f,f,f,f,f,f,f,f,f,f,f,f,f,f,f,f,f,f,f,f,f,f,f,f,f,f,f,f,f,f,f,f,f,f,f,f,f,f,f,f,f,f,f,f,f,f,f,f,f,f,f,f,f,f,f,f,f,f,f,f,f,f,f,f,f,f,f,f,f,f,f,f,f,f,f,f,f,f,f,f,f,f,f,f,f,f,f,f,f,f,f,f,f,f,f,f,f,f,f,f,f,f,f,f,f,f,f,f,f,f,f,f,f,f,f,f,f,f,f,f,f,f,f,f,f,f,f,f,f,f,f,f,f,f,f,f,f,f,f,f,f,f,f,f,f,f,f,f,f,f,f,f,f,f,f,f,f,f,f,f,f,f,f,f,f,f,f,f,f,f,f,f,f,f,f,f,f,f,f,f,f,f,f,f,f,f,f,f,f,f,f,f,f,f,f,f,f,f,f,f,f,f,f,f,f,f,f,f,f,f,f,f,f,f,f,f,f,f,f,f,f,f,f,f,f,f,f,f,f,f,f,f,f,f,f,f,f,f,f,f,f,f,f,f,f,f,f,f,f,f,f,f,f,f,f,f,f,f,f,f,f,f,f,f,f,f,f,f,f,f,f,f,f,f,f,f,f,f,f,f,f,f,f,f,f,f,f,f,f,f,f,f,f,f,f,f,f,f,f,f,f,f,f,f,f,f,f,f,f,f,f,f,f,f,f,f,f,f,f,f,f,f,f,f,f,f,f,f,f,f,f,f,f,f,f,f,f,f,f,f,f,f,f,f,f,f,f,f,f,f,f,f,f,f,f,f,f,f,f,f,f,f,f,f,f,f,f,f,f,f,f,f,f,f,f,f,f,f,f,f,f,f,f,f,f,f,f,f,f,f,f,f,f,f,f,f,f,f,f,f,f,f,f,f,f,f,f,f,f,f,f,f,f,f,f,f,f,f,f,f,f,f,f,f,f,f,f,f,f,f,f,f,f,f,f,f,f,f,f,f,f,f,f,f,f,f,f,f,f,f,f,f,f,f,f,f,f,f,f,f,f,f,f,f,f,f,f,f,f,f,f,f,f,f,f,f,f,f,f,f,f,f,f,f,f,f,f,f,f,f,f,f,f,f,f,f,f,f,f,f,f,f,f,f,f,f,f,f,f,f,f,f,f,f,f,f,f,f,f,f,f,f,f,f,f,f,f,f,f,f,f,f,f,f,f,f,f,f,f,f,f,f,f,f,f,f,f,f,f,f,f,f,f,f,f,f,f,f,f,f,f,f,f,f,f,f,f,f,f,f,f,f,f,f,f,f,f,f,f,f,f,f,f,f,f,f,f,f,f,f,f,f,f,f,f,f,f,f,f,f,f,f,f,f,f,f,f,f,f,f,f,f,f,f,f,f,f,f,f,f,f,f,f,f,f,f,f,f,f,f,f,f,f,f,f,f,f,f,f,f,f,f,f,f,f,f,f,f,f,f,f,f,f,f,f,f,f,f,f,f,f,f,f,f,f,f,f,f,f,f,f,f,f,f,f,f,f,f,f,f,f,f,f,f,f,f,f,f,f,f,f,f,f,f,f,f,f,f,f,f,f,f,f,f,f,f,f,f,f,f,f,
14,f,f,f,f,f,f,f,f,f,f,f,f,f,f,f,f,f,f,f,f,f,f,f,f,f,f,f,f,f,f,f,f,f,f,f,f,f,f,f,f,f,f,f,f,f,f,f,f,f,f,f,f,f,f,f,f,f,f,f,f,f,f,f,f,f,f,f,f,f,f,f,f,f,f,f,f,f,f,f,f,f,f,f,f,f,f,f,f,f,f,f,f,f,f,f,f,f,f,f,f,f,f,f,f,f,f,f,f,f,f,f,f,f,f,f,f,f,f,f,f,f,f,f,f,f,f,f,f,f,f,f,f,f,f,f,f,f,f,f,f,f,f,f,f,f,f,f,f,f,f,f,f,f,f,f,f,f,f,f,f,f,f,f,f,f,f,f,f,f,f,f,f,f,f,f,f,f,f,f,f,f,f,f,f,f,f,f,f,f,f,f,f,f,f,f,f,f,f,f,f,f,f,f,f,f,f,f,f,f,f,f,f,f,f,f,f,f,f,f,f,f,f,f,f,f,f,f,f,f,f,f,f,f,f,f,f,f,f,f,f,f,f,f,f,f,f,f,f,f,f,f,f,f,f,f,f,f,f,f,f,f,f,f,f,f,f,f,f,f,f,f,f,f,f,f,f,f,f,f,f,f,f,f,f,f,f,f,f,f,f,f,f,f,f,f,f,f,f,f,f,f,f,f,f,f,f,f,f,f,f,f,f,f,f,f,f,f,f,f,f,f,f,f,f,f,f,f,f,f,f,f,f,f,f,f,f,f,f,f,f,f,f,f,f,f,f,f,f,f,f,f,f,f,f,f,f,f,f,f,f,f,f,f,f,f,f,f,f,f,f,f,f,f,f,f,f,f,f,f,f,f,f,f,f,f,f,f,f,f,f,f,f,f,f,f,f,f,f,f,f,f,f,f,f,f,f,f,f,f,f,f,f,f,f,f,f,f,f,f,f,f,f,f,f,f,f,f,f,f,f,f,f,f,f,f,f,f,f,f,f,f,f,f,f,f,f,f,f,f,f,f,f,f,f,f,f,f,f,f,f,f,f,f,f,f,f,f,f,f,f,f,f,f,f,f,f,f,f,f,f,f,f,f,f,f,f,f,f,f,f,f,f,f,f,f,f,f,f,f,f,f,f,f,f,f,f,f,f,f,f,f,f,f,f,f,f,f,f,f,f,f,f,f,f,f,f,f,f,f,f,f,f,f,f,f,f,f,f,f,f,f,f,f,f,f,f,f,f,f,f,f,f,f,f,f,f,f,f,f,f,f,f,f,f,f,f,f,f,f,f,f,f,f,f,f,f,f,f,f,f,f,f,f,f,f,f,f,f,f,f,f,f,f,f,f,f,f,f,f,f,f,f,f,f,f,f,f,f,f,f,f,f,f,f,f,f,f,f,f,f,f,f,f,f,f,f,f,f,f,f,f,f,f,f,f,f,f,f,f,f,f,f,f,f,f,f,f,f,f,f,f,f,f,f,f,f,f,f,f,f,f,f,f,f,f,f,f,f,f,f,f,f,f,f,f,f,f,f,f,f,f,f,f,f,f,f,f,f,f,f,f,f,f,f,f,f,f,f,f,f,f,f,f,f,f,f,f,f,f,f,f,f,f,f,f,f,f,f,f,f,f,f,f,f,f,f,f,f,f,f,f,f,f,f,f,f,f,f,f,f,f,f,f,f,f,f,f,f,f,f,f,f,f,f,f,f,f,f,f,f,f,f,f,f,f,f,f,f,f,f,f,f,f,f,f,f,f,f,f,f,f,f,f,f,f,f,f,f,f,f,f,f,f,f,f,f,f,f,f,f,f,f,f,f,f,f,f,f,f,f,f,f,f,f,f,f,f,f,f,f,f,f,f,f,f,f,f,f,f,f,f,f,f,f,f,f,f,f,f,f,f,f,f,f,f,f,f,f,f,f,f,f,f,f,f,f,f,f,f,f,f,f,f,f,f,f,f,f,f,f,f,f,f,f,f,f,f,f,f,f,f,f,f,f,f,f,f,f,f,f,f,f,f,f,f,f,f,f,f,f,f,f,f,f,f,f,f,f,f,f,f,f,f,f,f,f,f,f,f,f,f,f,f,f,f,f,f,f,f,f,f,f,f,f,f,f,f,f,f,f,f,f,f,f,f,f,f,f,f,f,f,f,f,f,f,f,f,f,f,f,f,f,f,f,f,f,f,f,f,f,f,f,f,f,f,f,f,f,f,f,f,f,f,f,f,f,f,f,f,f,f,f,f,f,f,f,f,f,f,f,
15,f,f,f,f,f,f,f,f,f,f,f,f,f,f,f,f,f,f,f,f,f,f,f,f,f,f,f,f,f,f,f,f,f,f,f,f,f,f,f,f,f,f,f,f,f,f,f,f,f,f,f,f,f,f,f,f,f,f,f,f,f,f,f,f,f,f,f,f,f,f,f,f,f,f,f,f,f,f,f,f,f,f,f,f,f,f,f,f,f,f,f,f,f,f,f,f,f,f,f,f,f,f,f,f,f,f,f,f,f,f,f,f,f,f,f,f,f,f,f,f,f,f,f,f,f,f,f,f,f,f,f,f,f,f,f,f,f,f,f,f,f,f,f,f,f,f,f,f,f,f,f,f,f,f,f,f,f,f,f,f,f,f,f,f,f,f,f,f,f,f,f,f,f,f,f,f,f,f,f,f,f,f,f,f,f,f,f,f,f,f,f,f,f,f,f,f,f,f,f,f,f,f,f,f,f,f,f,f,f,f,f,f,f,f,f,f,f,f,f,f,f,f,f,f,f,f,f,f,f,f,f,f,f,f,f,f,f,f,f,f,f,f,f,f,f,f,f,f,f,f,f,f,f,f,f,f,f,f,f,f,f,f,f,f,f,f,f,f,f,f,f,f,f,f,f,f,f,f,f,f,f,f,f,f,f,f,f,f,f,f,f,f,f,f,f,f,f,f,f,f,f,f,f,f,f,f,f,f,f,f,f,f,f,f,f,f,f,f,f,f,f,f,f,f,f,f,f,f,f,f,f,f,f,f,f,f,f,f,f,f,f,f,f,f,f,f,f,f,f,f,f,f,f,f,f,f,f,f,f,f,f,f,f,f,f,f,f,f,f,f,f,f,f,f,f,f,f,f,f,f,f,f,f,f,f,f,f,f,f,f,f,f,f,f,f,f,f,f,f,f,f,f,f,f,f,f,f,f,f,f,f,f,f,f,f,f,f,f,f,f,f,f,f,f,f,f,f,f,f,f,f,f,f,f,f,f,f,f,f,f,f,f,f,f,f,f,f,f,f,f,f,f,f,f,f,f,f,f,f,f,f,f,f,f,f,f,f,f,f,f,f,f,f,f,f,f,f,f,f,f,f,f,f,f,f,f,f,f,f,f,f,f,f,f,f,f,f,f,f,f,f,f,f,f,f,f,f,f,f,f,f,f,f,f,f,f,f,f,f,f,f,f,f,f,f,f,f,f,f,f,f,f,f,f,f,f,f,f,f,f,f,f,f,f,f,f,f,f,f,f,f,f,f,f,f,f,f,f,f,f,f,f,f,f,f,f,f,f,f,f,f,f,f,f,f,f,f,f,f,f,f,f,f,f,f,f,f,f,f,f,f,f,f,f,f,f,f,f,f,f,f,f,f,f,f,f,f,f,f,f,f,f,f,f,f,f,f,f,f,f,f,f,f,f,f,f,f,f,f,f,f,f,f,f,f,f,f,f,f,f,f,f,f,f,f,f,f,f,f,f,f,f,f,f,f,f,f,f,f,f,f,f,f,f,f,f,f,f,f,f,f,f,f,f,f,f,f,f,f,f,f,f,f,f,f,f,f,f,f,f,f,f,f,f,f,f,f,f,f,f,f,f,f,f,f,f,f,f,f,f,f,f,f,f,f,f,f,f,f,f,f,f,f,f,f,f,f,f,f,f,f,f,f,f,f,f,f,f,f,f,f,f,f,f,f,f,f,f,f,f,f,f,f,f,f,f,f,f,f,f,f,f,f,f,f,f,f,f,f,f,f,f,f,f,f,f,f,f,f,f,f,f,f,f,f,f,f,f,f,f,f,f,f,f,f,f,f,f,f,f,f,f,f,f,f,f,f,f,f,f,f,f,f,f,f,f,f,f,f,f,f,f,f,f,f,f,f,f,f,f,f,f,f,f,f,f,f,f,f,f,f,f,f,f,f,f,f,f,f,f,f,f,f,f,f,f,f,f,f,f,f,f,f,f,f,f,f,f,f,f,f,f,f,f,f,f,f,f,f,f,f,f,f,f,f,f,f,f,f,f,f,f,f,f,f,f,f,f,f,f,f,f,f,f,f,f,f,f,f,f,f,f,f,f,f,f,f,f,f,f,f,f,f,f,f,f,f,f,f,f,f,f,f,f,f,f,f,f,f,f,f,f,f,f,f,f,f,f,f,f,f,f,f,f,f,f,f,f,f,f,f,f,f,f,f,f,f,f,f,f,f,f,f,f,f,f,f,f,f,f,f,f,f,f,f,f,f,f,f,f,f,f,f,f,f,f,f,f,f,f,
15,f,f,f,f,f,f,f,f,f,f,f,f,f,f,f,f,f,f,f,f,f,f,f,f,f,f,f,f,f,f,f,f,f,f,f,f,f,f,f,f,f,f,f,f,f,f,f,f,f,f,f,f,f,f,f,f,f,f,f,f,f,f,f,f,f,f,f,f,f,f,f,f,f,f,f,f,f,f,f,f,f,f,f,f,f,f,f,f,f,f,f,f,f,f,f,f,f,f,f,f,f,f,f,f,f,f,f,f,f,f,f,f,f,f,f,f,f,f,f,f,f,f,f,f,f,f,f,f,f,f,f,f,f,f,f,f,f,f,f,f,f,f,f,f,f,f,f,f,f,f,f,f,f,f,f,f,f,f,f,f,f,f,f,f,f,f,f,f,f,f,f,f,f,f,f,f,f,f,f,f,f,f,f,f,f,f,f,f,f,f,f,f,f,f,f,f,f,f,f,f,f,f,f,f,f,f,f,f,f,f,f,f,f,f,f,f,f,f,f,f,f,f,f,f,f,f,f,f,f,f,f,f,f,f,f,f,f,f,f,f,f,f,f,f,f,f,f,f,f,f,f,f,f,f,f,f,f,f,f,f,f,f,f,f,f,f,f,f,f,f,f,f,f,f,f,f,f,f,f,f,f,f,f,f,f,f,f,f,f,f,f,f,f,f,f,f,f,f,f,f,f,f,f,f,f,f,f,f,f,f,f,f,f,f,f,f,f,f,f,f,f,f,f,f,f,f,f,f,f,f,f,f,f,f,f,f,f,f,f,f,f,f,f,f,f,f,f,f,f,f,f,f,f,f,f,f,f,f,f,f,f,f,f,f,f,f,f,f,f,f,f,f,f,f,f,f,f,f,f,f,f,f,f,f,f,f,f,f,f,f,f,f,f,f,f,f,f,f,f,f,f,f,f,f,f,f,f,f,f,f,f,f,f,f,f,f,f,f,f,f,f,f,f,f,f,f,f,f,f,f,f,f,f,f,f,f,f,f,f,f,f,f,f,f,f,f,f,f,f,f,f,f,f,f,f,f,f,f,f,f,f,f,f,f,f,f,f,f,f,f,f,f,f,f,f,f,f,f,f,f,f,f,f,f,f,f,f,f,f,f,f,f,f,f,f,f,f,f,f,f,f,f,f,f,f,f,f,f,f,f,f,f,f,f,f,f,f,f,f,f,f,f,f,f,f,f,f,f,f,f,f,f,f,f,f,f,f,f,f,f,f,f,f,f,f,f,f,f,f,f,f,f,f,f,f,f,f,f,f,f,f,f,f,f,f,f,f,f,f,f,f,f,f,f,f,f,f,f,f,f,f,f,f,f,f,f,f,f,f,f,f,f,f,f,f,f,f,f,f,f,f,f,f,f,f,f,f,f,f,f,f,f,f,f,f,f,f,f,f,f,f,f,f,f,f,f,f,f,f,f,f,f,f,f,f,f,f,f,f,f,f,f,f,f,f,f,f,f,f,f,f,f,f,f,f,f,f,f,f,f,f,f,f,f,f,f,f,f,f,f,f,f,f,f,f,f,f,f,f,f,f,f,f,f,f,f,f,f,f,f,f,f,f,f,f,f,f,f,f,f,f,f,f,f,f,f,f,f,f,f,f,f,f,f,f,f,f,f,f,f,f,f,f,f,f,f,f,f,f,f,f,f,f,f,f,f,f,f,f,f,f,f,f,f,f,f,f,f,f,f,f,f,f,f,f,f,f,f,f,f,f,f,f,f,f,f,f,f,f,f,f,f,f,f,f,f,f,f,f,f,f,f,f,f,f,f,f,f,f,f,f,f,f,f,f,f,f,f,f,f,f,f,f,f,f,f,f,f,f,f,f,f,f,f,f,f,f,f,f,f,f,f,f,f,f,f,f,f,f,f,f,f,f,f,f,f,f,f,f,f,f,f,f,f,f,f,f,f,f,f,f,f,f,f,f,f,f,f,f,f,f,f,f,f,f,f,f,f,f,f,f,f,f,f,f,f,f,f,f,f,f,f,f,f,f,f,f,f,f,f,f,f,f,f,f,f,f,f,f,f,f,f,f,f,f,f,f,f,f,f,f,f,f,f,f,f,f,f,f,f,f,f,f,f,f,f,f,f,f,f,f,f,f,f,f,f,f,f,f,f,f,f,f,f,f,f,f,f,f,f,f,f,f,f,f,f,f,f,f,f,f,f,f,f,f,f,f,f,f,f,f,f,f,f,f,f,f,f,f,f,f,f,f,f,f,f,f,f,f,f,f,f,f,f,f,f,f,f,f,f,
5,f,f,f,f,f,f,f,f,f,f,f,f,f,f,f,f,f,f,f,f,f,f,f,f,f,f,f,f,f,f,f,f,f,f,f,f,f,f,f,f,f,f,f,f,f,f,f,f,f,f,f,f,f,f,f,f,f,f,f,f,f,f,f,f,f,f,f,f,f,f,f,f,f,f,f,f,f,f,f,f,f,f,f,f,f,f,f,f,f,f,f,f,f,f,f,f,f,f,f,f,f,f,1,f,f,f,f,f,f,f,f,f,f,f,f,f,f,f,f,f,f,f,f,f,f,f,f,f,f,f,f,f,f,f,f,f,f,f,f,f,f,f,f,f,f,f,f,f,f,f,f,f,f,f,f,f,f,f,f,f,f,f,f,f,f,f,f,f,f,f,f,f,f,f,f,f,f,f,f,f,f,f,f,f,f,f,f,f,f,f,f,f,f,f,f,f,f,f,f,f,f,f,f,f,f,f,f,f,f,f,f,f,f,f,f,f,f,f,f,f,f,f,f,f,f,f,f,f,f,f,f,f,f,f,f,f,f,f,f,f,f,f,f,f,f,f,f,f,f,f,f,d,f,f,f,f,f,f,f,f,f,f,f,f,f,f,f,f,f,f,f,f,f,f,f,f,f,f,f,f,f,f,f,f,f,f,f,f,f,f,d,f,f,f,f,f,f,f,f,f,f,f,f,f,f,f,d,f,f,f,f,f,f,f,f,f,f,f,f,f,f,f,f,f,f,f,f,f,f,d,f,f,f,f,f,f,f,f,f,f,f,f,f,f,f,f,d,f,f,f,f,f,f,f,f,f,f,f,d,f,f,f,f,f,f,f,f,f,f,f,f,f,f,f,f,f,f,f,f,f,f,f,f,f,f,f,f,f,f,f,f,f,f,f,f,f,f,f,f,f,f,f,f,f,d,f,f,d,f,f,f,f,f,f,f,f,f,f,f,f,f,d,f,f,f,f,f,d,f,f,f,f,f,f,f,f,d,f,f,f,f,f,f,f,f,d,f,f,f,f,f,f,f,f,f,f,f,f,f,f,d,f,f,f,f,d,d,f,f,f,f,f,f,f,f,f,f,f,f,f,f,f,f,f,f,f,f,f,d,f,f,f,d,d,f,f,f,f,f,f,d,d,f,f,f,f,d,f,f,f,f,d,f,f,f,d,f,d,f,d,f,f,f,d,d,d,d,d,f,d,d,f,d,d,d,d,f,d,d,d,d,f,d,f,d,f,d,f,d,d,f,d,d,f,d,d,d,d,d,d,d,d,f,f,d,d,d,d,d,d,d,d,d,d,d,d,d,d,d,d,d,d,d,d,d,d,d,d,d,d,d,d,d,d,d,d,d,d,d,d,d,d,d,d,d,d,d,d,d,d,d,d,d,d,d,d,d,f,d,d,f,d,d,d,d,d,d,d,d,d,d,d,d,d,d,d,d,d,f,d,d,d,d,d,d,d,d,f,d,d,d,d,d,d,d,d,d,d,d,d,d,d,d,d,d,d,d,d,d,d,d,d,d,d,d,d,d,d,d,d,d,d,d,d,d,d,d,d,d,f,d,d,d,d,d,d,d,d,d,d,d,d,d,d,d,d,d,d,d,d,d,d,f,d,d,d,d,d,d,d,d,f,d,d,d,d,d,d,d,d,d,d,d,d,d,d,d,d,d,d,d,d,d,d,d,d,f,d,d,d,d,d,d,d,d,d,d,d,d,f,f,d,d,d,d,d,d,d,d,f,d,d,f,d,f,d,d,d,d,d,d,d,d,d,d,d,d,d,d,d,d,d,d,d,d,f,d,d,d,f,d,d,f,d,d,d,d,d,d,d,f,d,d,d,d,d,d,d,d,d,d,d,d,f,d,d,d,d,d,d,d,d,d,d,d,d,d,d,d,d,d,d,f,d,d,d,d,d,d,f,f,d,d,f,d,d,d,d,d,d,d,d,d,d,d,d,d,d,d,d,d,f,d,d,d,d,d,d,d,f,d,d,d,d,d,d,d,d,d,d,d,d,d,d,d,d,d,d,d,d,f,d,d,f,d,d,d,d,d,d,d,f,f,d,d,d,f,d,d,d,d,d,d,d,f,d,d,d,d,d,d,d,d,d,d,d,d,f,f,f,f,d,f,d,d,d,d,d,d,d,f,d,d,d,d,d,d,d,d,d,d,d,d,d,d,d,d,d,f,d,d,f,d,f,f,d,d,d,f,d,f,d,d,f,d,d,d,f,d,f,d,d,d,d,f,d,d,d,d,f,d,d,d,d,d,d,d,d,d,d,d,f,d,d,d,d,d,f,d,d,d,d,d,d,d,d,d,d,f,d,f,d,d,f,d,f,d,d,d,d,d,d,d,d,d,d,f,d,d,d,d,d,d,d,d,d,d,d,d,d,d,d,f,d,d,d,d,f,d,d,d,d,f,d,d,d,d,d,f,d,d,d,d,d,d,d,d,d,d,d,d,d,d,f,d,d,d,d,d,d,d,d,d,
2,f,f,f,f,f,f,f,f,f,f,f,f,f,f,f,f,f,f,f,f,f,f,f,f,f,f,f,f,f,f,f,f,f,f,f,f,f,f,f,f,f,f,f,f,f,f,f,f,f,f,f,f,f,f,f,f,f,f,f,f,f,f,f,f,f,f,f,f,f,f,f,f,f,f,f,f,f,f,f,f,f,f,f,f,f,f,f,f,f,f,f,f,f,f,f,f,f,f,f,f,f,f,f,f,f,f,f,f,f,f,f,d,f,f,f,f,f,f,d,f,f,f,d,d,d,d,d,d,d,d,d,d,d,d,d,d,f,f,d,d,d,f,f,d,d,d,d,d,d,d,f,d,d,d,d,d,d,d,d,d,f,f,d,d,f,f,f,d,f,d,d,d,d,d,d,d,d,f,d,d,d,d,d,d,d,d,d,d,d,d,d,d,d,d,d,d,d,d,d,d,d,d,d,d,d,d,d,d,d,d,d,d,d,d,d,f,d,d,d,d,d,d,d,d,d,d,d,d,d,d,d,d,d,d,d,d,d,d,d,d,d,d,d,d,d,d,d,d,f,d,d,d,d,f,d,d,d,d,f,d,d,d,d,d,d,d,d,d,d,d,d,d,d,d,d,f,d,f,d,d,d,d,d,d,d,d,d,d,d,d,d,d,d,d,d,d,d,d,d,d,d,d,d,d,d,d,d,d,d,d,f,d,d,d,d,d,f,d,d,d,d,d,d,d,d,d,d,d,d,d,d,d,d,d,f,f,f,d,d,d,d,d,d,d,f,d,d,d,d,d,d,d,d,d,f,d,d,d,d,d,d,d,d,d,d,d,d,d,d,d,d,d,d,d,d,d,d,d,f,d,d,d,d,d,d,d,f,d,d,d,d,d,d,d,d,d,d,d,d,d,d,f,d,d,f,f,d,d,d,d,d,d,d,d,d,d,d,d,d,d,d,d,d,d,d,d,d,d,f,d,d,d,d,d,d,d,d,d,d,d,d,f,d,d,f,d,d,d,d,d,d,f,d,d,d,d,d,f,d,d,d,f,d,d,d,d,d,d,d,d,d,d,d,d,d,d,d,d,d,d,d,d,d,d,d,d,d,d,d,d,d,d,d,d,d,d,d,d,d,d,d,f,d,d,d,d,d,d,d,d,d,d,f,d,d,d,d,d,d,d,d,d,d,d,d,d,d,d,f,d,d,d,d,f,d,f,f,f,d,d,d,d,d,d,d,d,d,d,d,d,d,d,d,d,d,d,d,d,d,d,d,d,d,d,d,d,d,d,d,d,d,d,d,d,d,d,d,d,d,d,d,d,d,d,d,d,d,d,d,d,d,d,d,f,d,d,d,d,d,d,d,d,d,d,d,d,d,d,d,d,d,d,d,d,d,d,d,f,d,f,d,d,d,d,f,d,d,d,d,d,d,d,d,d,d,d,d,d,d,d,d,d,d,d,d,d,d,d,d,d,d,d,f,d,d,f,d,d,d,d,d,d,d,d,d,d,d,d,d,d,d,d,d,d,d,d,d,d,d,d,d,d,d,d,d,d,d,d,d,f,d,d,d,f,d,d,d,d,d,d,d,d,d,d,f,d,f,d,d,d,d,d,f,d,d,d,d,d,d,d,d,d,d,d,d,d,d,d,d,d,d,d,d,d,d,f,d,d,d,d,f,d,d,d,d,d,d,d,d,d,d,d,d,d,d,d,d,d,d,d,d,d,d,d,d,f,d,d,d,d,d,f,d,d,d,d,d,d,d,d,d,d,d,d,d,d,d,d,d,d,d,f,d,d,d,d,d,d,d,d,d,d,d,f,d,d,d,f,d,f,d,d,f,d,d,d,d,d,d,d,d,d,d,d,d,d,d,d,f,f,d,d,d,d,d,d,d,d,d,d,d,d,d,d,d,d,d,d,d,d,d,d,d,d,d,d,d,d,f,d,d,d,d,d,d,d,d,d,d,d,d,d,d,d,d,d,d,d,d,d,d,d,d,d,f,d,d,d,d,d,f,d,d,f,d,d,d,f,d,d,d,d,d,d,d,d,f,f,d,f,d,d,d,d,d,d,f,d,d,d,d,f,f,f,d,d,d,d,d,d,d,d,d,d,d,d,f,d,d,d,d,d,d,d,f,d,d,f,d,d,d,d,d,d,d,d,d,d,f,d,d,d,d,d,d,d,d,f,d,d,d,f,d,d,d,d,d,f,d,d,d,d,d,d,f,d,d,d,d,d,d,d,d,d,d,d,d,d,d,d,
4,f,f,f,f,f,f,f,f,f,f,f,f,f,f,f,f,f,f,f,f,f,f,f,f,f,f,f,f,f,f,f,f,f,f,f,f,f,f,f,f,f,f,f,f,f,f,f,f,f,f,f,f,f,f,f,f,f,f,f,f,f,f,f,f,f,f,f,f,f,f,f,f,f,f,f,f,f,f,f,f,f,f,f,f,f,f,f,f,f,f,f,f,f,f,f,f,f,f,f,f,f,f,f,f,f,f,f,f,f,f,f,f,f,f,f,f,f,f,f,f,f,f,f,f,f,f,f,f,f,f,f,f,f,f,f,f,f,f,f,f,f,f,f,f,f,f,f,f,f,d,f,f,f,f,f,f,d,d,d,f,f,d,d,f,f,d,f,d,d,d,d,d,f,d,f,f,f,f,f,d,f,f,d,f,f,d,f,d,d,d,f,f,f,d,f,d,d,d,d,d,f,f,f,d,f,d,d,f,f,d,d,f,f,f,d,d,f,f,d,d,d,d,f,f,d,d,f,d,f,d,d,f,d,d,d,f,d,d,d,d,f,f,d,d,d,f,d,d,d,f,d,f,d,d,f,d,d,d,f,d,f,f,f,d,d,d,d,d,d,d,d,d,d,d,d,d,d,d,d,d,d,d,d,d,d,f,d,d,d,d,d,d,d,d,f,f,f,f,d,d,d,d,d,d,d,d,d,d,f,f,d,d,f,d,d,f,f,d,d,d,d,f,f,d,d,d,d,d,d,d,d,d,d,d,f,f,f,d,d,d,d,d,d,d,d,d,d,d,d,d,d,d,d,d,d,d,f,f,d,d,d,d,d,d,d,f,d,d,d,d,d,d,f,d,d,d,d,d,f,d,d,d,d,d,d,f,f,d,d,d,d,d,d,d,d,d,f,d,d,d,d,d,d,d,d,d,d,d,d,d,d,f,d,d,f,d,d,d,f,d,d,d,d,d,d,d,d,d,d,d,d,d,d,d,d,d,d,d,d,d,d,f,f,d,d,f,d,d,d,d,d,d,f,d,d,d,d,d,f,d,d,f,f,f,f,f,d,f,d,d,f,d,d,f,d,d,f,d,d,d,d,d,f,d,d,f,d,d,f,d,d,f,f,d,f,d,f,d,d,f,f,d,d,f,f,d,f,d,f,d,d,d,f,d,f,f,f,d,d,d,f,f,d,f,d,d,d,f,f,d,d,f,f,f,d,d,d,d,d,d,d,d,d,d,f,f,d,d,d,d,f,f,d,d,f,d,d,d,d,f,d,d,d,d,d,d,d,f,d,d,d,f,f,f,d,d,d,d,d,d,d,d,f,d,d,d,f,d,d,f,d,d,d,d,f,f,d,f,d,d,f,d,d,f,d,d,d,f,d,d,d,d,d,d,f,d,d,d,d,d,d,d,d,f,f,f,d,f,d,d,d,d,f,d,f,d,f,f,d,d,f,d,d,d,d,d,f,d,d,d,d,d,f,d,d,d,d,d,d,d,d,d,d,d,d,d,d,f,d,d,d,d,d,d,f,d,d,d,d,d,d,d,d,d,d,d,d,d,d,d,d,d,d,d,d,d,d,d,d,d,d,d,d,d,d,d,d,d,d,d,d,d,d,d,f,d,d,d,f,d,d,f,d,d,d,d,d,d,d,d,d,f,d,d,d,d,f,d,d,d,d,d,d,d,f,d,d,d,d,d,d,d,d,f,d,d,f,d,d,f,d,d,d,d,f,d,d,f,f,d,d,d,d,d,f,d,d,d,d,d,d,d,d,d,d,f,d,f,d,d,d,d,f,d,f,d,d,d,d,d,f,d,d,d,d,d,d,d,d,d,f,f,d,f,d,f,d,d,d,d,d,d,d,f,d,d,f,d,d,d,d,d,d,d,d,d,d,d,d,f,d,d,d,d,d,d,d,d,d,d,f,d,d,d,d,d,d,d,d,d,d,d,f,d,d,d,d,d,d,d,d,d,d,d,d,d,f,d,d,d,d,d,d,d,f,d,d,f,d,d,d,d,d,d,f,d,f,d,f,d,d,d,d,d,d,f,d,d,d,d,d,d,d,d,d,f,d,d,d,d,d,d,d,d,d,d,d,d,d,d,d,f,d,d,d,d,d,d,d,d,d,d,d,d,d,d,d,d,d,d,d,d,d,d,d,d,d,d,d,d,d,d,d,d,d,d,d,d,d,d,d,d,d,d,f,d,d,d,d,d,d,d,d,d,f,d,d,d,d,d,f,f,d,d,d,d,f,d,d,d,
8,f,f,f,f,f,f,f,f,f,f,f,f,f,f,f,f,f,f,f,f,f,f,f,f,f,f,f,f,f,f,f,f,f,f,f,f,f,f,f,f,f,f,f,f,f,f,f,f,f,f,f,f,f,f,f,f,f,f,f,f,f,f,f,f,f,f,f,f,f,f,f,f,f,f,f,f,f,f,f,f,f,f,f,f,f,f,f,f,f,f,f,f,f,f,f,f,f,f,f,f,f,f,f,f,f,f,f,f,f,f,f,f,f,f,f,f,f,f,f,f,f,f,f,f,f,f,f,f,f,f,f,f,f,f,f,f,f,f,f,f,f,f,f,f,f,f,f,f,f,f,f,f,f,f,f,f,f,f,f,f,f,f,f,f,f,f,f,f,f,f,f,f,f,f,f,f,f,f,f,f,f,f,f,f,f,f,f,f,f,f,f,f,f,f,f,f,f,f,f,f,f,f,f,f,f,f,f,f,f,f,f,f,f,f,f,f,f,f,f,f,f,f,f,f,f,f,f,f,f,f,f,f,f,f,f,f,f,f,f,f,f,f,f,f,f,f,f,f,f,f,f,f,f,f,f,f,f,f,f,f,f,f,f,f,f,f,f,f,f,f,f,f,f,f,f,f,f,f,f,f,f,f,f,f,f,f,f,f,f,f,f,f,f,f,f,f,f,f,f,f,f,f,f,f,f,f,f,f,f,f,f,f,f,f,f,f,f,f,f,f,f,f,f,f,f,f,f,f,f,f,f,f,f,f,f,f,f,f,f,f,f,f,f,f,f,f,f,f,f,f,f,f,f,f,f,f,f,f,f,f,f,f,f,f,f,f,f,f,f,f,f,f,f,f,f,f,f,f,f,f,f,f,f,f,f,f,f,f,f,f,f,f,f,f,f,f,f,f,f,f,f,f,f,f,f,f,f,f,f,f,f,f,f,f,f,f,f,f,f,f,f,f,f,f,f,f,f,f,f,f,f,f,f,f,f,f,f,f,f,f,f,f,f,f,f,f,f,f,f,f,f,f,f,f,f,f,f,f,f,f,f,f,f,f,f,d,f,f,f,f,f,f,f,f,f,f,d,f,f,f,f,f,f,f,f,f,f,f,f,f,f,f,f,f,f,f,d,f,f,f,f,f,f,f,f,f,f,f,f,f,f,d,f,f,f,f,f,f,f,f,f,f,f,f,f,f,f,f,f,f,f,f,f,f,f,f,f,f,f,f,f,f,f,f,f,f,f,f,f,f,d,f,f,f,f,f,f,f,f,f,f,f,f,f,f,f,f,f,f,f,f,f,f,f,f,f,f,f,f,f,f,f,f,f,f,f,f,f,f,f,f,d,f,d,d,f,f,f,f,f,f,f,d,d,d,f,f,f,f,d,f,d,f,f,f,f,f,f,f,f,f,f,f,f,f,f,f,f,f,f,f,f,f,d,f,f,f,f,d,d,f,f,f,d,f,f,f,d,d,d,f,d,f,f,f,f,d,d,d,d,f,f,f,f,f,f,f,f,f,f,f,f,f,f,f,d,d,d,f,f,f,f,f,f,f,f,d,f,f,f,d,f,f,f,f,d,f,f,d,f,d,f,f,f,d,f,f,d,f,d,f,f,d,f,f,f,d,d,f,f,f,f,f,f,f,f,f,f,f,f,f,d,d,f,f,d,f,f,f,f,f,f,f,f,f,f,f,d,f,d,d,f,f,f,f,f,f,f,f,d,f,f,f,f,f,f,f,f,f,f,d,f,f,f,f,d,d,d,f,f,f,f,f,f,f,f,d,f,d,f,f,f,d,f,d,d,d,d,d,f,d,f,d,f,d,f,f,f,f,f,f,f,d,f,f,f,f,f,f,d,d,f,d,d,f,f,d,d,d,f,d,d,f,f,f,d,f,d,f,f,d,d,f,f,f,d,d,d,d,f,d,d,f,d,f,f,d,f,d,f,d,f,f,d,f,f,f,d,f,d,d,d,d,d,f,f,f,d,f,f,f,d,f,d,f,f,d,f,f,d,d,d,d,f,f,d,d,f,f,f,d,d,d,d,d,f,f,f,d,f,f,d,f,f,d,d,d,d,d,f,d,d,f,d,d,f,f,d,d,f,f,f,f,d,f,d,d,d,d,d,d,f,f,f,d,f,d,d,d,d,d,d,d,f,d,d,d,d,d,d,d,d,f,d,f,f,f,d,d,d,f,d,d,f,f,f,d,d,f,d,d,f,d,d,d,f,f,f,d,d,f,d,f,d,d,f,d,f,d,f,
2,f,f,f,f,f,f,f,f,f,f,f,f,f,f,f,f,f,f,f,f,f,f,f,f,f,f,f,f,f,f,f,f,f,f,f,f,f,f,f,f,f,f,f,f,f,f,f,f,f,f,f,f,f,f,f,f,f,f,f,f,f,f,f,f,f,f,f,f,f,f,f,f,f,f,f,f,f,f,f,f,f,f,f,f,f,f,f,f,f,f,f,f,f,f,f,f,f,f,f,f,f,f,f,f,f,f,f,f,d,f,f,f,f,f,d,f,f,f,f,f,f,f,f,d,f,d,d,f,f,d,f,f,f,f,f,f,d,d,f,f,d,d,d,d,d,d,d,d,d,f,f,d,d,d,d,f,f,d,d,f,d,d,d,d,f,d,f,d,d,d,d,d,f,d,d,d,d,d,d,f,d,d,d,d,f,d,d,d,d,d,d,f,d,f,d,d,f,d,d,d,d,d,d,d,f,d,d,d,d,d,d,d,d,d,d,d,d,d,d,d,d,d,d,f,d,d,d,d,d,d,f,d,d,d,d,d,d,d,f,d,d,d,f,d,f,f,f,f,d,d,d,d,d,d,f,d,d,d,f,d,d,d,d,d,d,d,d,d,d,d,d,2,f,f,f,f,f,f,f,f,f,f,f,f,f,f,f,f,f,f,f,f,f,f,f,f,f,f,f,f,f,f,f,f,f,f,f,f,f,f,f,f,f,f,f,f,f,f,f,f,f,f,f,f,f,f,f,f,f,f,f,f,f,f,f,f,f,f,f,f,f,f,f,f,f,f,f,f,f,f,f,f,f,f,f,f,f,f,f,f,f,f,f,f,f,f,f,f,f,f,f,f,f,f,f,f,f,f,f,f,f,f,f,f,f,d,f,f,f,d,f,f,d,d,f,d,d,d,f,d,d,d,d,d,d,f,d,d,d,d,d,f,f,d,d,d,d,d,d,d,f,d,d,f,f,d,d,d,d,d,d,d,d,d,d,f,d,f,d,d,d,f,d,d,d,d,d,d,d,d,d,d,d,d,d,f,d,d,d,d,d,d,d,d,d,d,d,d,d,d,d,d,d,d,d,d,d,d,d,d,d,d,d,d,d,d,d,d,d,d,d,d,d,d,d,d,d,d,d,d,d,d,d,d,d,d,d,d,d,d,d,d,d,d,d,d,d,d,d,f,d,d,d,d,d,d,d,d,d,d,d,d,d,d,d,d,d,d,d,d,d,d,d,d,d,f,d,d,d,d,d,d,d,d,d,d,d,d,d,d,d,d,d,d,d,d,d,d,d,d,d,d,d,d,f,d,d,d,d,d,d,d,d,d,d,d,d,d,d,d,d,d,d,d,d,d,d,d,d,d,d,f,d,d,d,d,d,d,d,d,d,d,d,d,d,d,d,d,d,d,d,f,d,d,d,d,d,d,d,d,d,d,d,d,d,d,d,d,d,d,d,d,d,d,d,d,f,d,d,d,d,d,d,d,d,d,d,d,f,d,f,f,d,d,d,d,d,d,d,f,d,d,d,f,d,d,d,d,d,d,d,d,d,f,d,d,f,d,f,d,d,d,d,d,d,d,f,d,d,d,d,f,f,f,d,d,d,f,f,d,d,d,d,d,d,d,d,d,f,d,d,d,d,d,f,d,f,d,d,d,d,f,d,f,d,d,d,d,d,d,d,d,d,d,d,d,f,d,d,f,d,d,d,d,d,d,d,d,d,d,d,f,d,d,d,d,d,d,d,d,d,d,d,d,d,d,d,d,d,d,d,d,d,d,d,d,d,d,d,d,d,d,f,d,d,d,f,d,d,d,d,d,d,d,d,d,f,d,d,d,d,d,d,d,d,d,d,d,d,d,d,d,d,d,d,d,d,d,d,d,d,f,d,d,d,d,d,d,d,d,d,d,d,d,d,d,d,d,d,d,d,d,d,d,d,d,f,f,d,d,d,d,d,d,d,d,d,d,f,d,d,d,d,d,d,f,d,d,f,d,d,f,d,d,d,d,f,d,d,d,d,f,d,d,f,d,f,d,d,d,d,d,d,f,d,d,d,d,d,d,d,d,d,d,d,d,d,d,d,d,d,d,f,d,d,f,d,d,f,d,d,d,d,d,d,d,d,d,d,d,d,d,d,d,f,f,d,d,d,d,f,d,d,d,d,d,d,f,f,d,d,d,d,f,d,d,d,f,d,d,d,f,d,d,d,d,d,d,d,d,d,d,d,d,f,d,d,d,d,d,d,d,d,d,f,d,d,d,d,d,d,d,d,d,d,d,d,d,d,d,d,d,d,d,d,f,d,d,f,d,d,d,d,d,d,d,d,d,d,d,d,d,d,d,d,d,d,f,d,f,d,f,d,d,f,d,d,d,d,d,d,d,d,d,d,d,d,f,d,d,d,d,d,d,d,d,d,d,f,d,d,d,d,d,d,d,f,f,f,d,d,d,f,d,d,f,d,d,f,d,d,d,d,d,d,d,d,d,d,d,d,d,d,f,d,f,d,d,d,d,f,d,f,d,d,d,d,d,d,d,d,d,d,d,d,d,d,d,d,d,d,d,d,d,f,d,d,d,d,f,d,d,d,d,d,d,d,d,d,d,d,d,d,d,d,d,f,d,d,d,d,d,d,d,d,f,f,d,d,d,d,f,f,d,f,f,d,d,d,d,d,d,f,d,d,d,f,d,f,d,d,d,d,f,d,d,f,d,d,d,d,f,d,d,d,f,f,d,d,d,d,d,d,d,d,d,d,d,d,d,d,d,d,d,f,d,d,d,d,d,d,f,d,d,f,d,d,f,d,d,d,d,d,d,f,d,d,f,d,d,d,d,d,d,d,d,d,d,d,d,d,d,f,d,d,d,d,f,d,d,d,d,
4,f,f,f,f,f,f,f,f,f,f,f,f,f,f,f,f,f,f,f,f,f,f,f,f,f,f,f,4,f,f,f,f,f,f,f,f,f,f,f,f,f,f,f,f,f,f,f,f,f,f,f,f,f,f,f,f,f,f,f,f,f,f,f,f,f,f,f,f,f,f,f,f,f,f,f,f,f,f,f,f,f,f,f,f,f,f,f,f,f,f,f,f,f,f,f,f,f,f,f,f,f,f,f,f,f,f,f,f,f,f,f,f,f,f,f,f,f,f,f,f,f,f,f,f,f,f,f,f,f,f,f,f,f,f,f,f,f,f,f,f,f,f,f,f,f,f,f,f,f,f,f,f,f,f,f,f,f,f,f,f,f,f,f,f,f,f,f,f,f,f,f,f,f,f,f,f,f,f,f,f,f,f,f,f,f,f,f,d,f,f,f,f,f,f,f,f,f,f,f,f,f,f,f,f,f,f,f,f,f,d,f,d,f,f,d,d,d,f,f,f,d,d,f,f,f,f,d,d,d,d,f,f,f,d,f,d,f,f,d,d,f,d,f,f,f,f,f,d,f,d,f,f,d,d,f,f,d,f,d,f,f,d,d,f,d,d,d,f,d,f,f,d,d,f,f,d,f,f,f,d,d,d,d,d,d,d,d,f,d,d,d,d,d,d,d,f,d,f,f,f,d,d,d,d,d,f,d,d,d,f,d,d,d,d,d,f,d,d,d,d,d,f,d,f,d,d,d,d,d,d,d,d,f,d,d,d,d,d,f,d,f,d,d,f,f,d,d,d,d,d,d,d,d,d,d,d,d,d,d,f,f,d,d,d,f,d,d,d,d,d,f,d,d,d,f,d,f,d,f,d,d,d,f,f,f,d,d,d,d,d,d,d,d,d,d,d,d,d,f,d,d,d,d,d,d,d,d,d,d,d,d,f,d,d,f,d,d,d,f,d,d,d,d,d,f,d,d,d,d,d,d,d,d,d,d,f,d,d,d,d,d,f,d,d,d,d,d,d,d,d,d,d,d,d,d,d,d,d,f,d,d,d,d,d,d,d,d,d,d,d,d,d,d,f,d,d,d,d,d,d,d,f,f,d,d,d,d,d,f,d,d,d,d,f,d,f,d,d,d,d,d,d,f,d,d,d,d,d,f,d,d,d,d,d,d,d,d,d,d,d,d,f,d,d,d,d,d,f,d,f,d,d,d,d,d,f,d,d,d,d,d,d,d,f,d,d,d,f,d,d,d,d,d,d,d,d,d,d,f,d,d,f,f,d,d,f,d,d,f,d,d,d,d,d,f,f,d,d,d,d,d,d,d,d,d,d,d,d,d,d,d,d,f,d,f,d,d,d,d,d,d,d,d,d,d,d,d,f,d,d,d,f,f,d,d,d,d,d,d,d,d,f,d,f,d,d,f,d,d,d,d,d,f,d,d,d,f,f,f,d,f,d,f,d,d,f,f,d,d,d,d,f,d,d,d,d,d,f,d,d,d,d,d,d,d,f,f,d,d,f,f,f,d,d,d,d,d,d,f,d,d,d,d,d,d,d,f,d,d,d,d,d,f,d,d,d,f,d,f,d,d,d,d,d,d,d,d,f,d,d,d,d,d,d,d,d,d,d,d,d,d,d,d,d,d,d,d,f,d,d,d,d,f,d,d,d,d,d,d,d,d,d,d,d,d,d,d,d,d,d,d,d,d,d,d,d,d,d,d,d,d,d,d,d,d,d,d,d,d,d,d,d,d,f,d,d,f,d,d,d,d,f,d,d,d,d,d,d,f,d,d,d,d,f,f,d,d,d,d,d,f,d,f,d,d,f,d,f,d,d,d,d,f,d,d,f,d,d,d,d,d,d,f,d,d,d,d,f,d,d,d,f,d,d,d,d,d,d,d,d,d,d,d,d,f,d,d,d,d,d,d,d,d,f,d,d,d,d,d,d,d,d,d,f,d,f,d,d,d,d,d,d,d,d,d,d,d,d,d,d,d,d,d,d,d,d,d,d,d,d,d,d,d,d,d,d,f,d,f,d,d,d,f,d,d,d,d,f,d,d,d,f,d,d,f,f,d,d,d,d,d,d,d,d,d,d,d,d,f,d,d,f,d,d,d,d,d,d,f,d,d,d,f,d,d,d,d,d,d,d,d,d,d,d,f,d,d,d,d,d,d,d,d,f,d,f,d,d,d,f,f,d,d,f,d,d,f,d,d,f,f,f,d,d,f,d,d,d,f,f,d,d,d,d,d,f,f,d,d,d,d,d,d,d,d,f,d,d,d,d,d,d,d,f,f,d,f,d,d,f,d,d,d,d,d,f,d,d,
5,f,f,f,f,f,f,f,f,f,f,f,f,f,f,f,f,f,f,f,f,f,f,f,f,f,5,f,f,f,f,f,f,f,f,f,f,5,f,f,f,f,f,f,f,f,f,f,f,f,f,f,f,f,f,f,f,f,f,f,f,f,f,f,f,f,f,f,f,f,f,f,f,f,f,f,f,f,f,f,f,f,f,f,f,f,f,f,f,f,f,f,f,f,f,f,f,f,f,f,f,f,f,f,f,f,f,f,f,f,5,f,f,f,f,f,f,f,f,f,f,f,f,f,f,f,f,f,f,f,f,f,f,f,f,f,f,f,f,f,f,0,f,f,f,f,f,f,f,f,f,f,f,f,f,f,f,f,f,f,f,f,f,f,f,f,f,f,f,f,f,f,f,f,f,f,f,f,f,f,f,f,f,f,f,f,f,f,f,f,f,f,f,f,f,f,f,f,f,f,f,f,f,f,f,f,f,f,f,f,f,f,f,f,f,f,f,f,f,f,f,f,f,f,f,f,f,f,f,d,f,d,d,d,d,d,f,d,d,d,d,d,d,d,d,d,d,d,d,d,d,d,d,d,d,d,d,d,d,d,d,d,d,d,d,d,d,d,d,d,d,d,d,d,d,d,d,d,d,d,d,d,d,d,d,d,d,d,d,d,d,d,d,d,d,d,d,d,d,d,d,d,d,d,d,d,d,f,d,d,d,d,d,d,d,d,d,d,d,d,d,d,d,d,d,d,d,d,d,d,d,d,d,d,d,d,d,d,d,d,d,d,d,d,d,d,d,d,d,d,d,d,d,d,d,d,d,d,d,d,d,d,d,d,d,d,d,d,d,d,d,d,d,d,d,d,d,d,d,d,d,d,d,d,d,d,d,d,d,d,d,d,d,d,d,d,d,d,d,d,d,d,d,d,d,d,d,d,d,d,d,d,d,d,d,d,d,d,d,d,d,d,d,d,d,d,d,d,d,d,d,d,d,d,d,d,d,d,d,d,d,d,d,d,d,d,d,d,d,d,d,d,d,d,d,d,d,d,d,d,d,d,d,d,d,d,d,d,d,d,d,d,d,d,d,d,d,d,d,d,d,d,d,d,d,d,d,d,d,d,d,d,d,d,d,d,d,d,d,d,f,d,d,d,d,d,d,d,d,d,d,d,d,d,d,d,d,d,d,d,d,d,d,d,d,d,d,d,d,d,d,d,d,d,d,d,d,d,d,d,d,d,d,d,d,d,d,d,d,d,d,d,d,d,d,d,d,d,d,d,d,d,d,d,d,d,d,d,d,d,d,d,d,d,d,d,d,d,d,d,d,d,d,d,d,d,d,d,d,d,d,d,d,d,d,d,d,d,f,d,d,d,d,d,d,d,d,d,f,d,d,d,d,d,d,d,d,d,d,d,d,d,d,d,d,d,d,d,d,d,d,d,d,d,d,d,d,d,d,d,d,d,d,d,f,d,d,d,d,d,d,d,d,d,d,d,d,d,d,d,d,d,d,d,d,d,d,d,d,d,d,d,d,d,d,d,d,d,d,d,d,d,d,d,d,d,d,d,d,d,d,d,d,d,d,d,d,d,d,d,d,d,d,d,d,d,d,d,d,d,d,d,d,d,d,d,d,d,d,d,d,d,d,d,d,d,d,d,d,d,d,d,d,d,d,d,d,d,f,d,d,d,d,d,d,d,d,d,d,f,d,d,d,d,d,d,d,d,d,d,d,d,d,d,d,d,d,d,d,d,d,d,d,d,d,d,d,d,d,d,d,d,d,d,d,d,d,d,d,d,d,d,d,d,d,d,d,d,f,d,d,d,d,d,d,d,d,d,d,d,d,d,d,d,d,d,d,d,d,d,d,d,d,d,d,d,d,d,d,d,d,d,d,d,d,d,d,f,d,d,d,d,d,d,d,d,d,d,d,d,d,d,d,d,d,d,d,d,d,d,d,d,d,d,d,d,d,d,d,d,d,d,d,d,d,d,d,d,d,d,d,d,d,d,d,d,d,d,d,d,d,d,d,d,d,d,d,d,d,d,d,d,d,d,d,d,d,f,d,d,d,d,d,d,d,f,d,d,d,d,d,d,d,d,d,d,d,d,d,d,d,d,d,d,d,d,d,d,d,d,d,d,d,d,d,d,d,d,d,d,d,d,d,d,d,d,d,d,d,d,d,d,d,d,d,d,d,d,d,d,d,d,d,d,d,d,d,d,d,d,d,d,d,d,d,d,d,d,d,d,d,d,d,d,d,d,d,d,d,d,d,d,d,d,d,d,d,f,d,d,d,d,d,d,d,d,d,d,d,d,d,d,d,d,d,d,d,d,d,d,d,d,d,d,d,f,d,d,d,d,d,d,d,d,d,d,d,d,d,d,d,d,d,d,d,d,d,d,d,d,d,d,d,d,d,d,d,d,d,d,d,d,d,d,d,d,d,d,d,d,d,d,d,d,d,d,d,d,d,d,d,d,d,d,d,d,d,d,d,d,d,d,d,d,f,d,d,d,d,d,d,d,d,d,d,d,d,d,d,d,d,d,f,d,d,d,d,f,d,d,d,d,d,d,d,d,d,d,f,f,d,d,
2,f,f,f,f,f,f,f,f,f,f,f,f,f,f,f,f,f,f,f,f,f,f,f,f,f,f,f,f,f,f,f,f,f,f,f,f,f,f,f,f,f,f,f,f,f,f,f,f,f,f,f,f,f,f,f,f,f,f,f,f,f,f,f,f,f,f,f,f,f,f,f,f,f,f,f,f,f,f,f,f,f,f,f,f,f,f,f,f,f,f,f,f,f,f,f,f,f,f,f,f,f,f,f,f,f,f,f,f,f,f,f,f,f,f,f,f,f,f,f,f,f,f,f,f,f,f,f,f,d,f,f,d,d,d,d,f,d,f,d,f,f,f,f,f,f,f,d,f,d,d,f,f,d,f,d,f,d,f,f,f,d,d,d,f,d,f,d,d,f,d,d,d,f,d,d,d,d,f,d,f,d,d,d,d,d,d,d,d,d,d,d,d,d,d,d,d,d,d,d,d,d,d,d,f,d,d,d,d,d,d,d,d,f,d,f,d,f,d,d,d,d,f,d,d,d,d,d,d,d,f,f,d,d,d,d,f,f,d,f,d,d,d,d,d,d,d,f,d,f,d,d,d,d,d,d,d,f,d,d,d,d,f,d,f,d,f,f,f,d,d,d,d,d,d,d,d,d,d,d,d,d,d,d,d,d,d,d,d,d,d,d,d,d,d,f,f,f,f,f,f,d,f,f,d,d,d,d,d,d,d,d,f,d,d,d,d,d,d,d,d,d,f,d,d,d,d,d,d,f,d,d,d,d,d,d,d,d,d,d,d,f,f,d,d,d,d,d,d,d,f,d,f,d,d,f,d,d,f,d,d,d,d,d,d,d,d,d,d,d,d,d,d,d,d,d,d,d,d,d,d,d,d,d,d,d,d,d,d,d,d,d,f,f,d,d,d,d,d,d,d,d,d,d,d,d,d,d,d,d,d,d,d,d,d,f,d,f,f,f,f,d,d,d,d,d,d,d,d,f,d,d,d,d,d,f,d,d,d,d,f,d,d,d,f,d,d,d,d,d,d,d,d,d,d,f,f,d,d,d,d,f,d,f,d,d,d,d,d,d,f,f,d,d,d,d,d,d,d,d,d,d,d,d,d,d,d,d,d,d,d,d,d,d,d,d,d,f,d,d,d,d,d,d,d,f,d,d,d,d,d,d,d,d,d,d,d,d,d,d,d,d,d,f,d,d,d,d,d,d,d,d,d,f,f,f,f,f,d,d,d,d,d,d,d,d,d,d,d,d,f,d,d,d,d,d,d,d,d,d,d,d,f,d,d,d,d,d,d,d,d,d,d,d,d,d,d,d,d,d,d,d,d,d,d,d,d,d,d,d,d,d,d,d,d,d,d,d,d,d,d,d,d,d,d,d,d,d,d,f,d,d,d,d,d,d,d,d,d,f,d,d,d,d,d,d,f,f,d,d,d,d,f,d,d,f,f,d,d,d,d,d,d,d,f,d,f,d,d,d,f,d,d,d,f,d,d,d,d,f,d,f,d,d,d,d,d,d,f,d,d,d,d,d,f,d,d,d,d,d,d,d,d,d,f,d,d,d,d,d,d,d,d,d,d,d,d,d,d,d,d,d,f,d,d,d,d,d,d,d,d,d,d,d,f,d,d,d,f,d,d,d,d,d,d,d,d,d,d,d,d,d,d,d,d,d,d,d,d,d,d,d,f,d,f,d,d,d,d,d,d,d,d,d,d,f,d,f,d,f,d,d,d,d,d,d,d,d,d,d,d,f,d,d,d,d,d,d,d,d,d,d,d,d,d,d,d,d,d,d,d,f,d,f,d,d,f,f,d,d,d,d,d,d,d,d,d,d,d,d,d,d,d,d,f,d,d,d,d,f,f,d,d,f,d,f,d,d,d,f,d,d,d,d,d,f,d,f,d,d,d,d,d,d,d,d,d,d,d,d,d,d,d,f,f,d,d,f,d,d,f,d,d,d,d,d,d,d,f,d,d,d,d,d,f,f,f,d,f,d,d,d,d,f,d,d,d,d,d,d,d,f,d,d,d,d,d,d,d,d,d,d,d,f,d,d,d,f,f,d,f,d,d,d,d,d,d,d,d,d,d,d,f,d,d,d,d,d,d,d,d,d,d,d,d,d,d,d,d,d,f,d,d,d,d,d,d,f,d,d,d,d,d,d,d,d,f,d,d,d,d,d,f,d,d,d,d,d,f,d,f,d,d,f,d,f,d,d,d,d,d,d,f,d,d,d,f,d,d,d,f,d,d,d,d,d,d,f,d,d,d,
4,f,f,f,f,f,f,f,f,f,f,f,f,f,f,f,f,f,f,f,f,f,f,f,f,f,f,f,f,f,f,f,f,f,f,f,f,f,f,f,f,f,f,f,f,f,f,f,f,f,f,f,f,f,f,f,f,f,f,f,f,f,f,f,f,f,f,f,f,f,f,f,f,f,f,f,f,f,f,f,f,f,f,f,f,f,f,f,f,f,f,f,f,f,f,f,f,f,f,f,f,f,f,f,f,f,f,f,f,f,f,f,f,f,f,f,f,f,f,f,f,f,f,f,f,f,f,f,f,f,f,f,f,f,f,f,f,f,f,f,f,f,f,f,f,f,f,f,f,f,f,f,f,f,f,f,f,f,f,f,f,f,f,f,f,f,f,f,f,f,f,f,f,f,f,f,f,f,f,f,f,f,f,f,d,f,d,f,f,f,f,f,f,f,d,d,f,f,f,f,f,f,d,f,f,f,f,d,f,f,d,d,f,f,d,f,f,d,f,f,d,f,f,f,d,f,d,f,d,f,d,d,f,f,f,f,d,f,f,f,f,f,f,f,d,f,d,f,d,f,f,f,f,d,d,f,f,d,d,f,d,f,f,f,f,f,f,f,f,d,d,f,f,d,f,f,f,d,f,f,d,d,d,f,d,f,d,f,f,f,d,f,f,f,f,d,f,f,d,f,f,d,f,d,f,f,f,f,f,d,d,f,f,d,d,f,f,f,f,d,d,d,f,d,f,f,f,f,f,f,d,d,d,d,f,d,f,d,f,d,d,f,f,f,f,f,f,f,f,d,d,d,f,d,f,f,f,d,f,f,f,f,d,f,d,d,f,d,d,d,d,d,d,d,f,d,d,f,d,f,f,f,f,f,f,d,f,d,f,f,f,f,d,d,f,f,d,f,d,d,d,f,f,d,f,d,d,f,f,f,f,f,f,d,d,d,d,f,f,d,f,f,d,f,f,f,f,d,d,d,d,f,f,f,f,f,d,d,f,d,d,f,d,d,d,f,d,f,f,f,d,f,f,d,d,f,d,f,f,d,d,d,d,d,d,f,d,d,d,d,f,d,d,d,d,f,d,d,d,d,d,f,f,d,f,d,d,f,f,f,f,f,d,f,f,f,f,d,d,f,f,d,d,f,d,d,d,f,d,d,d,f,f,d,f,d,d,d,f,f,d,d,d,d,f,d,d,d,d,f,d,f,d,d,d,f,f,f,d,d,d,d,d,d,f,f,d,f,f,d,d,d,f,f,d,d,f,f,d,d,f,d,f,d,d,d,f,d,f,f,d,f,f,d,f,d,f,d,f,f,d,d,d,d,d,d,f,d,f,f,f,d,f,d,d,f,f,f,d,d,d,d,d,f,d,d,d,f,d,d,f,f,d,f,f,d,f,f,d,d,d,d,d,d,f,d,f,d,f,f,d,d,f,d,d,f,f,f,d,d,d,d,d,f,d,d,d,f,d,d,f,d,f,d,f,d,d,d,d,d,d,d,d,d,d,d,d,f,f,f,d,f,d,d,f,f,d,f,d,f,d,d,f,d,f,f,d,f,f,f,d,d,d,d,d,d,d,f,d,d,f,d,d,f,f,f,d,d,d,f,d,d,f,d,d,f,f,d,d,d,d,f,d,f,d,d,f,d,d,d,d,f,d,d,d,d,f,d,f,d,f,d,f,f,d,d,d,d,f,d,d,f,f,f,d,d,d,d,f,d,d,d,f,d,d,f,d,d,f,d,d,d,d,f,d,f,f,d,f,d,d,d,f,f,f,d,d,d,d,f,d,f,d,f,f,f,f,d,d,d,d,d,f,d,d,f,f,f,d,d,d,d,f,f,f,f,f,f,d,d,d,d,d,d,f,d,d,d,d,f,f,d,d,d,d,f,f,d,f,d,d,d,d,d,d,d,d,d,f,d,f,d,d,d,f,d,d,f,d,f,f,d,d,d,f,d,f,d,d,d,d,f,f,f,f,d,d,d,d,d,f,f,d,d,f,d,d,d,f,f,d,d,f,d,d,d,f,d,d,f,d,f,d,d,f,d,f,d,f,d,f,d,f,f,d,d,d,d,d,f,d,d,d,f,d,f,d,d,f,d,f,d,d,d,f,d,f,d,d,f,d,f,d,d,d,d,f,f,d,d,d,d,d,f,f,d,d,d,d,d,d,d,d,d,d,d,f,d,d,f,f,d,d,d,f,f,d,d,f,d,d,f,d,f,f,d,d,d,f,d,d,f,f,d,f,d,d,d,d,d,d,
6,f,f,f,f,f,f,f,f,f,f,f,f,f,f,f,f,f,f,f,f,f,f,f,f,f,f,f,f,f,f,f,f,f,f,f,f,f,f,f,f,f,f,f,f,f,f,f,f,f,f,f,f,f,f,f,f,f,f,f,f,f,f,f,f,f,f,f,f,f,f,f,f,f,f,f,f,f,f,f,f,f,f,f,f,f,f,f,f,f,f,f,f,f,f,f,f,f,f,f,f,f,f,f,f,f,f,f,f,f,f,f,f,f,f,f,f,f,f,f,f,f,f,f,f,f,f,f,f,f,f,f,f,f,f,f,f,f,f,f,f,f,f,f,f,f,f,f,f,f,f,f,f,f,f,f,f,f,f,f,f,f,f,f,f,f,f,f,f,f,f,f,f,f,f,f,f,f,f,f,f,f,f,f,f,f,f,f,f,f,f,f,f,f,f,f,f,f,f,f,f,f,f,f,f,f,f,f,f,f,f,f,f,f,f,f,f,f,f,f,f,f,f,f,f,f,f,f,f,f,f,f,f,f,f,f,f,f,f,f,f,f,f,f,f,f,f,f,f,f,f,f,f,f,f,f,f,f,f,f,f,f,f,f,f,f,f,f,f,f,f,f,f,f,f,f,f,f,f,f,f,f,f,f,f,f,f,f,f,f,f,f,f,f,f,f,f,f,f,f,f,f,f,f,f,f,f,f,f,f,f,f,f,f,f,f,f,f,f,f,f,f,f,f,f,f,f,f,f,f,f,f,f,f,f,f,f,f,f,f,f,f,f,f,f,f,f,f,f,f,f,f,f,f,f,f,f,f,f,f,f,f,f,f,f,f,f,f,f,f,f,f,f,f,f,f,f,f,f,f,f,f,f,f,f,f,f,f,f,f,f,f,f,f,f,f,f,f,f,f,f,f,f,f,f,f,f,f,f,f,f,f,f,f,f,f,f,f,f,f,f,f,f,f,f,f,f,f,f,f,f,f,f,f,f,f,f,f,f,f,f,f,f,f,f,f,f,f,f,f,f,f,f,f,f,f,f,f,f,f,f,f,f,f,f,f,f,f,f,f,f,f,f,f,f,f,f,f,f,f,f,f,f,f,f,f,f,f,f,f,f,f,f,f,f,f,f,f,f,f,f,f,f,f,f,f,f,f,f,f,f,f,f,f,f,f,f,f,f,f,f,f,f,f,f,f,f,f,f,f,f,f,f,f,f,f,f,f,f,f,f,f,f,f,f,f,f,f,f,f,f,f,f,f,f,f,f,f,f,f,f,f,f,f,f,f,f,f,d,f,f,d,f,f,f,f,f,f,f,f,f,f,f,f,f,f,f,f,f,f,f,f,f,f,f,f,f,f,f,f,f,f,f,f,f,f,d,f,f,f,f,f,f,f,f,f,f,f,f,f,f,f,f,f,f,f,f,f,f,f,f,f,f,f,f,f,f,f,f,f,f,f,f,f,f,f,f,f,f,f,f,d,f,f,f,f,f,f,f,f,f,f,f,f,f,f,f,f,f,f,f,f,f,f,f,f,f,f,f,f,f,f,f,f,f,f,f,f,f,f,f,f,f,f,f,f,f,f,f,f,f,f,f,f,f,f,f,f,f,f,f,f,f,f,f,f,f,f,f,f,f,f,f,f,f,f,f,f,f,f,f,f,f,f,f,f,f,f,f,f,f,f,f,f,f,f,f,f,f,f,f,f,f,f,f,f,f,f,f,f,f,f,f,f,f,f,f,f,f,f,f,f,f,f,f,f,f,d,f,f,f,f,f,f,f,f,f,f,f,d,f,f,f,f,f,f,f,f,f,f,f,f,f,f,f,f,f,d,f,f,f,d,f,f,f,f,f,f,f,f,f,f,f,f,f,f,f,f,f,f,f,f,f,f,d,f,f,f,f,f,f,f,f,f,f,f,f,f,f,f,f,f,f,f,f,f,f,f,f,f,f,f,f,d,f,f,f,f,f,f,f,f,f,f,f,f,f,f,f,f,f,f,f,f,f,f,f,f,f,f,f,f,f,f,f,f,f,f,d,f,d,f,f,d,f,d,f,f,f,f,f,f,f,f,f,f,f,f,f,f,f,f,f,f,f,d,f,f,f,d,f,d,f,f,f,f,f,f,f,f,f,f,f,f,d,f,f,f,f,f,f,d,f,f,d,f,d,d,f,f,d,f,f,d,f,f,f,f,f,f,f,f,f,f,f,f,f,f,f,f,f,f,f,f,f,f,f,f,f,f,f,f,f,f,f,f,f,f,f,f,f,
8,f,f,f,f,f,f,f,f,f,f,f,f,f,f,f,f,f,f,f,f,f,f,f,f,f,f,f,f,f,f,f,f,f,f,f,f,f,f,f,f,f,f,f,f,f,f,f,f,f,f,f,f,f,f,f,f,f,f,f,f,f,f,f,f,f,f,f,f,f,f,f,f,f,f,f,f,f,f,f,f,f,f,f,f,f,f,f,f,f,f,f,f,f,f,f,f,f,f,f,f,f,f,f,f,f,f,f,f,f,f,f,f,f,f,f,f,f,f,f,f,f,f,f,f,f,f,f,f,f,f,f,f,f,f,f,f,f,f,f,f,f,f,f,f,f,f,f,f,f,f,f,f,f,f,f,f,f,f,f,f,f,f,f,f,f,f,f,f,f,f,f,f,f,f,f,f,f,f,f,f,f,f,f,f,f,f,f,f,f,f,f,f,f,f,f,f,f,f,f,f,f,f,f,f,f,f,f,f,f,f,f,f,f,f,f,f,f,f,f,f,f,f,f,f,f,f,f,f,f,f,f,f,f,f,f,f,f,f,f,f,f,f,f,f,f,f,f,f,f,f,f,f,f,f,f,f,f,f,f,f,f,f,f,f,f,f,f,f,f,f,f,f,f,f,f,f,f,f,f,f,f,f,f,f,f,f,f,f,f,f,f,f,f,f,f,f,f,f,f,f,f,f,f,f,f,f,f,f,f,f,f,f,f,f,f,f,f,f,f,f,f,f,f,f,f,f,f,f,f,f,f,f,f,f,f,f,f,f,f,f,f,f,f,f,f,f,f,f,f,f,f,f,f,f,f,f,f,f,f,f,f,f,f,f,f,f,f,f,f,f,f,f,f,f,f,f,f,f,f,f,f,f,f,f,f,f,f,f,f,f,f,f,f,f,f,f,f,f,f,f,f,f,f,f,f,f,f,f,f,f,f,f,f,f,f,f,f,f,f,f,f,f,f,f,f,f,f,f,f,f,f,f,f,f,f,f,f,f,f,f,f,f,f,f,f,f,f,f,f,f,f,f,f,f,f,f,f,f,f,f,f,f,f,f,f,f,f,f,f,f,f,f,f,f,f,f,f,f,f,f,f,f,f,f,f,f,f,f,f,f,f,f,f,f,f,f,f,f,f,f,f,f,f,f,f,f,f,f,f,f,f,f,f,f,f,f,f,f,f,f,f,f,f,f,f,f,f,f,f,f,f,f,f,f,f,f,f,f,f,f,f,f,f,f,f,f,f,f,f,f,f,f,f,f,f,f,f,f,f,f,f,f,f,f,f,f,f,f,f,f,f,f,f,f,f,f,f,f,f,f,f,f,f,f,f,f,f,f,f,f,f,f,f,f,f,f,f,f,f,f,f,f,f,f,f,f,f,f,f,f,f,f,f,f,f,f,f,f,f,f,f,f,f,f,f,f,f,f,f,f,f,f,f,f,f,f,f,f,f,f,f,f,f,f,f,f,f,f,f,f,f,f,f,f,f,f,f,f,f,f,f,f,f,f,f,f,f,f,f,f,f,f,f,f,f,f,f,f,f,f,f,f,f,f,f,f,f,f,f,f,f,f,f,f,f,f,f,f,f,f,f,f,f,f,f,f,f,f,f,f,f,f,f,f,f,f,f,f,f,f,f,f,f,f,f,f,f,f,f,f,f,f,f,f,f,f,f,f,f,f,f,f,f,f,f,f,f,f,f,f,f,f,f,f,f,f,f,f,f,f,f,f,f,f,f,f,f,f,f,f,f,f,f,f,f,f,f,f,f,f,f,f,f,f,f,f,f,f,f,f,f,f,f,f,f,f,f,f,f,f,f,f,f,f,f,f,f,f,f,f,f,f,f,f,f,f,f,f,f,f,f,f,f,f,f,f,f,f,f,f,f,f,f,f,f,f,f,f,f,f,f,f,f,f,f,f,f,f,f,f,f,f,f,f,f,f,f,f,f,f,f,f,f,f,f,f,f,f,f,f,f,f,f,f,f,f,f,f,f,f,f,f,f,f,f,f,f,f,f,f,f,f,f,f,f,f,f,f,f,f,f,f,f,f,f,f,f,f,f,f,f,f,f,f,f,f,f,f,f,f,f,f,f,f,f,f,f,f,f,f,f,f,f,f,f,f,f,f,f,f,f,f,f,f,f,f,f,f,f,f,f,f,f,f,f,f,f,f,f,f,f,f,f,f,f,f,f,f,f,f,f,f,f,f,f,f,f,f,f,f,f,f,f,f,f,f,f,f,f,f,f,f,f,f,f,f,f,f,f,f,
10,f,f,f,f,f,f,f,f,f,f,f,f,f,f,f,f,f,f,f,f,f,f,f,f,f,f,f,f,f,f,f,f,f,f,f,f,f,f,f,f,f,f,f,f,f,f,f,f,f,f,f,f,f,f,f,f,f,f,f,f,f,f,f,f,f,f,f,f,f,f,f,f,f,f,f,f,f,f,f,f,f,f,f,f,f,f,f,f,f,f,f,f,f,f,f,f,f,f,f,f,f,f,f,f,f,f,f,f,f,f,f,f,f,f,f,f,f,f,f,f,f,f,f,f,f,f,f,f,f,f,f,f,f,f,f,f,f,f,f,f,f,f,f,f,f,f,f,f,f,f,f,f,f,f,f,f,f,f,f,f,f,f,f,f,f,f,f,f,f,f,f,f,f,f,f,f,f,f,f,f,f,f,f,f,f,f,f,f,f,f,f,f,f,f,f,f,f,f,f,f,f,f,f,f,f,f,f,f,f,f,f,f,f,f,f,f,f,f,f,f,f,f,f,f,f,f,f,f,f,f,f,f,f,f,f,f,f,f,f,f,f,f,f,f,f,f,f,f,f,f,f,f,f,f,f,f,f,f,f,f,f,f,f,f,f,f,f,f,f,f,f,f,f,f,f,f,f,f,f,f,f,f,f,f,f,f,f,f,f,f,f,f,f,f,f,f,f,f,f,f,f,f,f,f,f,f,f,f,f,f,f,f,f,f,f,f,f,f,f,f,f,f,f,f,f,f,f,f,f,f,f,f,f,f,f,f,f,f,f,f,f,f,f,f,f,f,f,f,f,f,f,f,f,f,f,f,f,f,f,f,f,f,f,f,f,f,f,f,f,f,f,f,f,f,f,f,f,f,f,f,f,f,f,f,f,f,f,f,f,f,f,f,f,f,f,f,f,f,f,f,f,f,f,f,f,f,f,f,f,f,f,f,f,f,f,f,f,f,f,f,f,f,f,f,f,f,f,f,f,f,f,f,f,f,f,f,f,f,f,f,f,f,f,f,f,f,f,f,f,f,f,f,f,f,f,f,f,f,f,f,f,f,f,f,f,f,f,f,f,f,f,f,f,f,f,f,f,f,f,f,f,f,f,f,f,f,f,f,f,f,f,f,f,f,f,f,f,f,f,f,f,f,f,f,f,f,f,f,f,f,f,f,f,f,f,f,f,f,f,f,f,f,f,f,f,f,f,f,f,f,f,f,f,f,f,f,f,f,f,f,f,f,f,f,f,f,f,f,f,f,f,f,f,f,f,f,f,f,f,f,f,f,f,f,f,f,f,f,f,f,f,f,f,f,f,f,f,f,f,f,f,f,f,f,f,f,f,f,f,f,f,f,f,f,f,f,f,f,f,f,f,f,f,f,f,f,f,f,f,f,f,f,f,f,f,f,f,f,f,f,f,f,f,f,f,f,f,f,f,f,f,f,f,f,f,f,f,f,f,f,f,f,f,f,f,f,f,f,f,f,f,f,f,f,f,f,f,f,f,f,f,f,f,f,f,f,f,f,f,f,f,f,f,f,f,f,f,f,f,f,f,f,f,f,f,f,f,f,f,f,f,f,f,f,f,f,f,f,f,f,f,f,f,f,f,f,f,f,f,f,f,f,f,f,f,f,f,f,f,f,f,f,f,f,f,f,f,f,f,f,f,f,f,f,f,f,f,f,f,f,f,f,f,f,f,f,f,f,f,f,f,f,f,f,f,f,f,f,f,f,f,f,f,f,f,f,f,f,f,f,f,f,f,f,f,f,f,f,f,f,f,f,f,f,f,f,f,f,f,f,f,f,f,f,f,f,f,f,f,f,f,f,f,f,f,f,f,f,f,f,f,f,f,f,f,f,f,f,f,f,f,f,f,f,f,f,f,f,f,f,f,f,f,f,f,f,f,f,f,f,f,f,f,f,f,f,f,f,f,f,f,f,f,f,f,f,f,f,f,f,f,f,f,f,f,f,f,f,f,f,f,f,f,f,f,f,f,f,f,f,f,f,f,f,f,f,f,f,f,f,f,f,f,f,f,f,f,f,f,f,f,f,f,f,f,f,f,f,f,f,f,f,f,f,f,f,f,f,f,f,f,f,f,f,f,f,f,f,f,f,f,f,f,f,f,f,f,f,f,f,f,f,f,f,f,f,f,f,f,f,f,f,f,f,f,f,f,f,f,f,f,f,f,f,f,f,f,f,f,f,f,f,f,f,f,f,f,f,f,f,f,f,f,f,f,f,f,f,f,f,f,f,f,f,f,f,f,f,f,f,
3,f,f,f,f,f,f,f,f,f,f,f,f,f,f,f,f,f,f,f,f,f,f,f,f,f,f,f,f,f,f,f,f,f,f,f,f,f,f,f,f,f,f,f,f,f,f,f,f,f,f,f,f,f,f,f,f,f,f,f,f,f,f,f,f,f,f,f,f,f,f,f,f,f,f,f,f,f,f,f,f,f,f,f,f,f,f,f,f,f,f,f,f,f,f,f,f,f,f,f,f,f,f,f,f,f,f,f,f,f,f,f,f,f,f,f,f,f,f,f,f,f,f,f,f,f,f,f,f,f,f,f,f,f,f,f,f,f,f,f,f,f,f,f,f,f,f,f,f,f,f,f,f,f,f,f,f,f,f,f,f,f,f,f,f,f,d,f,f,f,f,f,f,f,d,f,f,d,f,f,f,d,f,f,f,f,f,f,f,f,f,f,d,d,d,f,d,f,f,f,f,d,f,d,d,f,d,f,f,d,f,f,f,f,d,f,d,f,d,f,d,d,d,f,d,d,d,f,f,d,d,d,d,d,f,f,f,d,d,d,f,d,f,f,f,f,f,f,d,d,f,d,f,f,d,d,d,f,d,f,f,f,f,f,f,d,d,d,d,f,d,d,d,d,d,d,f,f,d,f,f,d,d,d,d,f,d,d,d,d,f,d,d,d,d,f,d,f,d,d,f,d,f,f,f,d,f,f,d,f,f,d,f,f,f,d,d,d,f,f,f,f,d,f,f,d,f,f,f,d,f,f,d,d,d,d,f,f,d,f,f,d,f,d,f,f,f,d,f,f,d,f,f,d,f,f,f,f,f,f,f,d,f,f,d,f,f,f,f,d,f,f,f,f,f,d,f,d,f,d,f,d,f,d,f,f,f,f,f,f,d,d,d,d,d,f,f,f,f,d,f,d,f,d,f,d,f,d,f,f,d,d,f,d,d,f,f,d,d,f,f,d,f,